Mes,Ciudad,Dia,Temperatura_2018,Temperatura_2019,Diferencia
Enero,Bogotá,1,56.1,56.8,0.6999999999999957
Enero,Bogotá,2,54.3,57.4,3.1000000000000014
Enero,Bogotá,3,55.5,55.7,0.20000000000000284
Enero,Bogotá,5,56.1,54.7,-1.3999999999999986
Enero,Bogotá,6,58.2,57.8,-0.4000000000000057
Enero,Bogotá,7,55,56.4,1.3999999999999986
Enero,Bogotá,8,56.3,55.5,-0.7999999999999972
Enero,Bogotá,9,57.4,56.1,-1.2999999999999972
Enero,Bogotá,10,57.7,56.9,-0.8000000000000043
Enero,Bogotá,11,57,57,0
Enero,Bogotá,12,57.4,55.1,-2.299999999999997
Enero,Bogotá,13,56.5,56.9,0.3999999999999986
Enero,Bogotá,14,55.9,57.1,1.2000000000000028
Enero,Bogotá,15,54.4,58.1,3.700000000000003
Enero,Bogotá,16,56.4,56.7,0.30000000000000426
Enero,Bogotá,17,56.1,56.9,0.7999999999999972
Enero,Bogotá,18,55.5,57.1,1.6000000000000014
Enero,Bogotá,19,56.8,57.9,1.1000000000000014
Enero,Bogotá,20,57.5,59.4,1.8999999999999986
Enero,Bogotá,21,55.3,55.3,0
Enero,Bogotá,22,54.8,57,2.200000000000003
Enero,Bogotá,24,53.7,61.5,7.799999999999997
Enero,Bogotá,25,54.1,57.8,3.6999999999999957
Enero,Bogotá,26,54.8,58.8,4
Enero,Bogotá,27,54.1,56.3,2.1999999999999957
Enero,Bogotá,28,57.4,56.1,-1.2999999999999972
Enero,Bogotá,29,56.6,57.2,0.6000000000000014
Enero,Bogotá,30,55.9,54.4,-1.5
Enero,Bogotá,31,56,56.4,0.3999999999999986
Febrero,Bogotá,1,54.8,59.1,4.300000000000004
Febrero,Bogotá,2,58.5,58.6,0.10000000000000142
Febrero,Bogotá,3,57,58,1
Febrero,Bogotá,4,59.2,55.9,-3.3000000000000043
Febrero,Bogotá,5,59.8,56.9,-2.8999999999999986
Febrero,Bogotá,6,58.6,56.6,-2
Febrero,Bogotá,7,60.3,57.6,-2.6999999999999957
Febrero,Bogotá,8,55.6,59.7,4.100000000000001
Febrero,Bogotá,9,59,59,0
Febrero,Bogotá,10,58.9,56.8,-2.1000000000000014
Febrero,Bogotá,11,58.2,57.4,-0.8000000000000043
Febrero,Bogotá,12,58.1,56.9,-1.2000000000000028
Febrero,Bogotá,13,56.9,56.9,0
Febrero,Bogotá,14,59,58.2,-0.7999999999999972
Febrero,Bogotá,15,57.9,58,0.10000000000000142
Febrero,Bogotá,16,57.8,59.5,1.7000000000000028
Febrero,Bogotá,17,58.5,58.9,0.3999999999999986
Febrero,Bogotá,18,58.6,58.5,-0.10000000000000142
Febrero,Bogotá,19,58.7,58.6,-0.10000000000000142
Febrero,Bogotá,20,58.2,58.9,0.6999999999999957
Febrero,Bogotá,21,56.8,59.2,2.4000000000000057
Febrero,Bogotá,22,56.8,58.1,1.3000000000000043
Febrero,Bogotá,23,55.2,58.7,3.5
Febrero,Bogotá,24,55.1,58,2.8999999999999986
Febrero,Bogotá,25,52.4,59.2,6.800000000000004
Febrero,Bogotá,26,53.4,55.8,2.3999999999999986
Febrero,Bogotá,27,54,56.9,2.8999999999999986
Febrero,Bogotá,28,56.6,58.5,1.8999999999999986
Marzo,Bogotá,1,56.6,57.6,1
Marzo,Bogotá,2,57.7,56.7,-1
Marzo,Bogotá,3,57.5,57.8,0.29999999999999716
Marzo,Bogotá,4,55.9,57.6,1.7000000000000028
Marzo,Bogotá,5,55.3,59.4,4.100000000000001
Marzo,Bogotá,6,55.9,60.6,4.700000000000003
Marzo,Bogotá,7,57.3,58.4,1.1000000000000014
Marzo,Bogotá,8,57.1,57.7,0.6000000000000014
Marzo,Bogotá,9,56.7,59.4,2.6999999999999957
Marzo,Bogotá,10,56.7,59.5,2.799999999999997
Marzo,Bogotá,11,59.6,59.8,0.19999999999999574
Marzo,Bogotá,12,56.8,59.4,2.6000000000000014
Marzo,Bogotá,13,55.6,59.3,3.6999999999999957
Marzo,Bogotá,14,57,59.5,2.5
Marzo,Bogotá,15,55.2,59.8,4.599999999999994
Marzo,Bogotá,16,58.8,58.6,-0.19999999999999574
Marzo,Bogotá,17,55.3,60.3,5
Marzo,Bogotá,18,57.2,59,1.7999999999999972
Marzo,Bogotá,19,57.7,58.7,1
Marzo,Bogotá,20,59.5,56,-3.5
Marzo,Bogotá,21,59.1,57.6,-1.5
Marzo,Bogotá,22,58,57,-1
Marzo,Bogotá,23,57.4,58,0.6000000000000014
Marzo,Bogotá,24,56.2,58.8,2.5999999999999943
Marzo,Bogotá,25,58.9,57.7,-1.1999999999999957
Marzo,Bogotá,26,59,57.4,-1.6000000000000014
Marzo,Bogotá,27,58.2,59.6,1.3999999999999986
Marzo,Bogotá,28,56.9,58.6,1.7000000000000028
Marzo,Bogotá,29,57.8,59.4,1.6000000000000014
Marzo,Bogotá,30,56.6,58.1,1.5
Marzo,Bogotá,31,57.6,60.3,2.6999999999999957
Abril,Bogotá,1,56.6,59.4,2.799999999999997
Abril,Bogotá,2,56.9,57.2,0.30000000000000426
Abril,Bogotá,3,57,56.8,-0.20000000000000284
Abril,Bogotá,4,56.2,60,3.799999999999997
Abril,Bogotá,5,56.4,60.2,3.8000000000000043
Abril,Bogotá,6,54.9,61.1,6.200000000000003
Abril,Bogotá,7,56.1,60.6,4.5
Abril,Bogotá,8,56.2,60.2,4
Abril,Bogotá,9,57.3,58,0.7000000000000028
Abril,Bogotá,10,56.5,58.5,2
Abril,Bogotá,11,55.6,59.5,3.8999999999999986
Abril,Bogotá,12,56.3,59.4,3.1000000000000014
Abril,Bogotá,13,56.5,59.8,3.299999999999997
Abril,Bogotá,14,55.9,58.6,2.700000000000003
Abril,Bogotá,15,57,57.9,0.8999999999999986
Abril,Bogotá,16,57.7,59.1,1.3999999999999986
Abril,Bogotá,17,56.7,57.8,1.0999999999999943
Abril,Bogotá,18,58.2,58,-0.20000000000000284
Abril,Bogotá,19,56.7,57.1,0.3999999999999986
Abril,Bogotá,20,57.5,58,0.5
Abril,Bogotá,21,56.8,57.8,1
Abril,Bogotá,22,54.9,57.2,2.3000000000000043
Abril,Bogotá,23,58.8,57.7,-1.0999999999999943
Abril,Bogotá,25,57.3,58.6,1.3000000000000043
Abril,Bogotá,26,57.4,58.8,1.3999999999999986
Abril,Bogotá,27,56.9,59.9,3
Abril,Bogotá,28,57.1,60.2,3.1000000000000014
Abril,Bogotá,29,55.4,59.2,3.8000000000000043
Abril,Bogotá,30,56.9,59,2.1000000000000014
Mayo,Bogotá,1,55.2,57.9,2.6999999999999957
Mayo,Bogotá,2,57.7,57.6,-0.10000000000000142
Mayo,Bogotá,3,58.6,58.6,0
Mayo,Bogotá,4,57.2,58,0.7999999999999972
Mayo,Bogotá,5,56.2,60.3,4.099999999999994
Mayo,Bogotá,6,55.2,62,6.799999999999997
Mayo,Bogotá,7,57.3,61.3,4
Mayo,Bogotá,8,55.5,59.4,3.8999999999999986
Mayo,Bogotá,9,56.8,57.3,0.5
Mayo,Bogotá,10,57.8,58.1,0.30000000000000426
Mayo,Bogotá,11,56.6,58.4,1.7999999999999972
Mayo,Bogotá,12,59.1,58.2,-0.8999999999999986
Mayo,Bogotá,13,57.4,58.3,0.8999999999999986
Mayo,Bogotá,14,56.8,58.7,1.9000000000000057
Mayo,Bogotá,15,56.9,58,1.1000000000000014
Mayo,Bogotá,20,57.8,58.5,0.7000000000000028
Mayo,Bogotá,21,56.7,58.1,1.3999999999999986
Mayo,Bogotá,22,55.8,59.3,3.5
Mayo,Bogotá,23,57,56.7,-0.29999999999999716
Mayo,Bogotá,24,57.6,57,-0.6000000000000014
Mayo,Bogotá,25,58,57.3,-0.7000000000000028
Mayo,Bogotá,26,61.2,57.5,-3.700000000000003
Mayo,Bogotá,27,57,56.1,-0.8999999999999986
Mayo,Bogotá,28,56.2,57.1,0.8999999999999986
Mayo,Bogotá,29,57.2,58.1,0.8999999999999986
Mayo,Bogotá,30,58,56.6,-1.3999999999999986
Mayo,Bogotá,31,58.7,57.7,-1
Junio,Bogotá,1,56.6,56.7,0.10000000000000142
Junio,Bogotá,2,56.6,58.4,1.7999999999999972
Junio,Bogotá,3,58.3,57.4,-0.8999999999999986
Junio,Bogotá,4,57.8,57.8,0
Junio,Bogotá,5,58.1,60.7,2.6000000000000014
Junio,Bogotá,6,59.2,57.2,-2
Junio,Bogotá,7,56.6,58.1,1.5
Junio,Bogotá,8,58.4,57.4,-1
Junio,Bogotá,9,59.2,58.9,-0.30000000000000426
Junio,Bogotá,10,58.8,57.6,-1.1999999999999957
Junio,Bogotá,11,57.6,57.9,0.29999999999999716
Junio,Bogotá,12,56.5,57.6,1.1000000000000014
Junio,Bogotá,13,57.7,57.3,-0.4000000000000057
Junio,Bogotá,14,57.7,58.7,1
Junio,Bogotá,15,56.9,59,2.1000000000000014
Junio,Bogotá,16,57.7,59.3,1.5999999999999943
Junio,Bogotá,17,58.1,59.6,1.5
Junio,Bogotá,18,55.2,59.4,4.199999999999996
Junio,Bogotá,19,57.1,58.8,1.6999999999999957
Junio,Bogotá,20,56,58.1,2.1000000000000014
Junio,Bogotá,21,54.9,57.3,2.3999999999999986
Junio,Bogotá,22,56.1,58,1.8999999999999986
Junio,Bogotá,23,57.8,57.9,0.10000000000000142
Junio,Bogotá,24,58.3,55.4,-2.8999999999999986
Junio,Bogotá,25,56.8,56.8,0
Junio,Bogotá,26,54.8,58.8,4
Junio,Bogotá,27,55.5,58.4,2.8999999999999986
Junio,Bogotá,28,55.1,57.6,2.5
Junio,Bogotá,29,56.2,56.6,0.3999999999999986
Junio,Bogotá,30,55.3,57.1,1.8000000000000043
Julio,Bogotá,1,54.9,54.6,-0.29999999999999716
Julio,Bogotá,2,54.6,55.6,1
Julio,Bogotá,3,57.3,58.6,1.3000000000000043
Julio,Bogotá,4,56.8,59.8,3
Julio,Bogotá,5,57.2,57,-0.20000000000000284
Julio,Bogotá,6,56.3,56.2,-0.09999999999999432
Julio,Bogotá,7,55.8,59.1,3.3000000000000043
Julio,Bogotá,8,57.1,56.9,-0.20000000000000284
Julio,Bogotá,9,58.2,55.5,-2.700000000000003
Julio,Bogotá,10,56.9,57.6,0.7000000000000028
Julio,Bogotá,11,57.6,57.2,-0.3999999999999986
Julio,Bogotá,12,58.4,59.2,0.8000000000000043
Julio,Bogotá,13,57.8,58.2,0.4000000000000057
Julio,Bogotá,14,58,58.1,0.10000000000000142
Julio,Bogotá,15,57.9,57.2,-0.6999999999999957
Julio,Bogotá,16,55.8,53.8,-2
Julio,Bogotá,17,56.1,55.6,-0.5
Julio,Bogotá,18,57.2,58.3,1.0999999999999943
Julio,Bogotá,19,57,57.6,0.6000000000000014
Julio,Bogotá,20,56.6,57.6,1
Julio,Bogotá,21,58.1,58.1,0
Julio,Bogotá,22,57.8,58,0.20000000000000284
Julio,Bogotá,23,57,57.2,0.20000000000000284
Julio,Bogotá,24,55.8,57.4,1.6000000000000014
Julio,Bogotá,25,57.2,56.6,-0.6000000000000014
Julio,Bogotá,26,58.2,56.5,-1.7000000000000028
Julio,Bogotá,27,57.9,56.7,-1.1999999999999957
Julio,Bogotá,28,56.4,57.4,1
Julio,Bogotá,29,58.6,57.3,-1.3000000000000043
Julio,Bogotá,30,57.6,56.7,-0.8999999999999986
Julio,Bogotá,31,55.2,57.9,2.6999999999999957
Agosto,Bogotá,1,55.4,58.1,2.700000000000003
Agosto,Bogotá,2,56.6,58,1.3999999999999986
Agosto,Bogotá,3,55.8,56.2,0.4000000000000057
Agosto,Bogotá,4,57.7,57.2,-0.5
Agosto,Bogotá,5,57.3,57.8,0.5
Agosto,Bogotá,6,58.4,58.4,0
Agosto,Bogotá,7,55.5,58.3,2.799999999999997
Agosto,Bogotá,8,56.3,57.1,0.8000000000000043
Agosto,Bogotá,9,56.1,57.5,1.3999999999999986
Agosto,Bogotá,10,57,56.6,-0.3999999999999986
Agosto,Bogotá,11,55.3,57.8,2.5
Agosto,Bogotá,12,56.4,58.5,2.1000000000000014
Agosto,Bogotá,13,55.4,58.1,2.700000000000003
Agosto,Bogotá,14,55,57.2,2.200000000000003
Agosto,Bogotá,15,58.4,55.6,-2.799999999999997
Agosto,Bogotá,16,54.4,53.1,-1.2999999999999972
Agosto,Bogotá,17,57.1,53.8,-3.3000000000000043
Agosto,Bogotá,18,56.8,57.7,0.9000000000000057
Agosto,Bogotá,19,56.4,55.2,-1.1999999999999957
Agosto,Bogotá,20,56.1,55.1,-1
Agosto,Bogotá,21,58.1,58.6,0.5
Agosto,Bogotá,22,58.3,54,-4.299999999999997
Agosto,Bogotá,23,55.5,57.9,2.3999999999999986
Agosto,Bogotá,24,57.7,58.5,0.7999999999999972
Agosto,Bogotá,25,57.5,56.3,-1.2000000000000028
Agosto,Bogotá,26,58.7,55.6,-3.1000000000000014
Agosto,Bogotá,27,56.6,56.8,0.19999999999999574
Agosto,Bogotá,28,56,58,2
Agosto,Bogotá,29,56.1,57.9,1.7999999999999972
Agosto,Bogotá,30,57.2,54.9,-2.3000000000000043
Agosto,Bogotá,31,55.8,56.5,0.7000000000000028
Septiembre,Bogotá,1,56.3,57.3,1
Septiembre,Bogotá,2,56,57.3,1.2999999999999972
Septiembre,Bogotá,3,57,56.4,-0.6000000000000014
Septiembre,Bogotá,4,58.8,58.5,-0.29999999999999716
Septiembre,Bogotá,5,55.9,58.2,2.3000000000000043
Septiembre,Bogotá,6,55.9,58.1,2.200000000000003
Septiembre,Bogotá,7,55.4,58.1,2.700000000000003
Septiembre,Bogotá,8,56.8,57.6,0.8000000000000043
Septiembre,Bogotá,9,56.9,57.1,0.20000000000000284
Septiembre,Bogotá,10,56.4,56.6,0.20000000000000284
Septiembre,Bogotá,11,57.9,58.6,0.7000000000000028
Septiembre,Bogotá,12,56.6,58.1,1.5
Septiembre,Bogotá,13,56.8,59.4,2.6000000000000014
Septiembre,Bogotá,14,56.3,58.5,2.200000000000003
Septiembre,Bogotá,15,55.6,58.2,2.6000000000000014
Septiembre,Bogotá,16,56.5,58.6,2.1000000000000014
Septiembre,Bogotá,18,62.4,56.3,-6.100000000000001
Septiembre,Bogotá,19,57,57.8,0.7999999999999972
Septiembre,Bogotá,20,62.6,54,-8.600000000000001
Septiembre,Bogotá,21,55.8,58.5,2.700000000000003
Septiembre,Bogotá,22,58.5,55.8,-2.700000000000003
Septiembre,Bogotá,23,56.7,55.8,-0.9000000000000057
Septiembre,Bogotá,24,64.3,58.5,-5.799999999999997
Septiembre,Bogotá,25,55.5,59.2,3.700000000000003
Septiembre,Bogotá,26,56.2,59.7,3.5
Septiembre,Bogotá,27,57.1,56.4,-0.7000000000000028
Septiembre,Bogotá,28,57.9,59,1.1000000000000014
Septiembre,Bogotá,29,60.4,57.2,-3.1999999999999957
Septiembre,Bogotá,30,58.7,56.7,-2
Octubre,Bogotá,1,58.4,56.6,-1.7999999999999972
Octubre,Bogotá,2,59.3,56.4,-2.8999999999999986
Octubre,Bogotá,3,56.1,54.4,-1.7000000000000028
Octubre,Bogotá,4,58.1,57,-1.1000000000000014
Octubre,Bogotá,5,57.7,54.3,-3.4000000000000057
Octubre,Bogotá,6,56.3,55.8,-0.5
Octubre,Bogotá,7,56.5,57.3,0.7999999999999972
Octubre,Bogotá,8,58.8,55.3,-3.5
Octubre,Bogotá,9,57.9,55.8,-2.1000000000000014
Octubre,Bogotá,10,56.2,56.2,0
Octubre,Bogotá,11,56.3,56.5,0.20000000000000284
Octubre,Bogotá,12,56.5,58.3,1.7999999999999972
Octubre,Bogotá,13,57.4,58.5,1.1000000000000014
Octubre,Bogotá,14,58.2,56.8,-1.4000000000000057
Octubre,Bogotá,15,58,53.3,-4.700000000000003
Octubre,Bogotá,16,57.8,56.6,-1.1999999999999957
Octubre,Bogotá,17,57.8,54,-3.799999999999997
Octubre,Bogotá,18,54.8,58.3,3.5
Octubre,Bogotá,19,57.6,56.6,-1
Octubre,Bogotá,20,58.1,55.1,-3
Octubre,Bogotá,21,56.6,55.8,-0.8000000000000043
Octubre,Bogotá,22,53.5,55.8,2.299999999999997
Octubre,Bogotá,23,60,56.2,-3.799999999999997
Octubre,Bogotá,24,57,57.5,0.5
Octubre,Bogotá,25,58.4,57.5,-0.8999999999999986
Octubre,Bogotá,26,58.8,58.4,-0.3999999999999986
Octubre,Bogotá,27,59.2,56.9,-2.3000000000000043
Octubre,Bogotá,28,57.7,57.2,-0.5
Octubre,Bogotá,29,58.6,57.9,-0.7000000000000028
Octubre,Bogotá,30,56.6,56.8,0.19999999999999574
Octubre,Bogotá,31,56.1,57.9,1.7999999999999972
Noviembre,Bogotá,1,58.4,56,-2.3999999999999986
Noviembre,Bogotá,2,55.9,57,1.1000000000000014
Noviembre,Bogotá,3,56,57.6,1.6000000000000014
Noviembre,Bogotá,4,54.5,58.8,4.299999999999997
Noviembre,Bogotá,5,57.7,60.1,2.3999999999999986
Noviembre,Bogotá,6,58.2,58.3,0.09999999999999432
Noviembre,Bogotá,7,59,56.6,-2.3999999999999986
Noviembre,Bogotá,8,58.9,60.6,1.7000000000000028
Noviembre,Bogotá,9,57.5,57.6,0.10000000000000142
Noviembre,Bogotá,10,58.3,58.4,0.10000000000000142
Noviembre,Bogotá,11,59,59.3,0.29999999999999716
Noviembre,Bogotá,12,59.2,57.8,-1.4000000000000057
Noviembre,Bogotá,13,57,56.3,-0.7000000000000028
Noviembre,Bogotá,14,,57.3,57.3
Noviembre,Bogotá,15,,56.5,56.5
Noviembre,Bogotá,16,57.1,57.5,0.3999999999999986
Noviembre,Bogotá,17,,56.6,56.6
Noviembre,Bogotá,18,58.7,57.7,-1
Noviembre,Bogotá,19,57.6,57.8,0.19999999999999574
Noviembre,Bogotá,20,60.3,58.2,-2.0999999999999943
Noviembre,Bogotá,21,58.8,57,-1.7999999999999972
Noviembre,Bogotá,22,58.5,56.1,-2.3999999999999986
Noviembre,Bogotá,23,60.4,56.3,-4.100000000000001
Noviembre,Bogotá,24,57.7,57.3,-0.4000000000000057
Noviembre,Bogotá,25,58.8,57.2,-1.5999999999999943
Noviembre,Bogotá,26,58.4,60.9,2.5
Noviembre,Bogotá,27,57.3,58.2,0.9000000000000057
Noviembre,Bogotá,28,57.9,58.7,0.8000000000000043
Noviembre,Bogotá,29,57.7,55.5,-2.200000000000003
Noviembre,Bogotá,30,57.7,59.6,1.8999999999999986
Diciembre,Bogotá,1,56.4,60,3.6000000000000014
Diciembre,Bogotá,2,56.7,55.2,-1.5
Diciembre,Bogotá,3,56.9,57.1,0.20000000000000284
Diciembre,Bogotá,4,58,55.8,-2.200000000000003
Diciembre,Bogotá,5,55.1,58.2,3.1000000000000014
Diciembre,Bogotá,6,56.2,54.7,-1.5
Diciembre,Bogotá,7,57.7,56.7,-1
Diciembre,Bogotá,8,56.8,56.7,-0.09999999999999432
Diciembre,Bogotá,9,54.5,57,2.5
Diciembre,Bogotá,10,55.6,55.6,0
Diciembre,Bogotá,11,56.7,57.1,0.3999999999999986
Diciembre,Bogotá,12,56.8,57.6,0.8000000000000043
Diciembre,Bogotá,13,57.1,57.2,0.10000000000000142
Diciembre,Bogotá,14,56,56.4,0.3999999999999986
Diciembre,Bogotá,15,54.3,57.9,3.6000000000000014
Diciembre,Bogotá,16,55.5,59.3,3.799999999999997
Diciembre,Bogotá,17,54.7,57.6,2.8999999999999986
Diciembre,Bogotá,18,55.3,58.2,2.9000000000000057
Diciembre,Bogotá,19,55.4,58,2.6000000000000014
Diciembre,Bogotá,20,54.6,57.9,3.299999999999997
Diciembre,Bogotá,21,57.4,58.5,1.1000000000000014
Diciembre,Bogotá,22,56.9,58.6,1.7000000000000028
Diciembre,Bogotá,23,55,58.9,3.8999999999999986
Diciembre,Bogotá,24,56,59.4,3.3999999999999986
Diciembre,Bogotá,25,55.1,59.5,4.399999999999999
Diciembre,Bogotá,26,56.1,59.5,3.3999999999999986
Diciembre,Bogotá,27,55.4,58.3,2.8999999999999986
Diciembre,Bogotá,28,53.8,55.3,1.5
Diciembre,Bogotá,29,56,57.9,1.8999999999999986
Diciembre,Bogotá,30,56.3,58.8,2.5
Diciembre,Bogotá,31,53.7,58.5,4.799999999999997
Enero,Brasilia,1,72.4,70,-2.4000000000000057
Enero,Brasilia,2,70.3,75.6,5.299999999999997
Enero,Brasilia,3,72.5,76.7,4.200000000000003
Enero,Brasilia,5,69.6,71,1.4000000000000057
Enero,Brasilia,6,67.9,73.4,5.5
Enero,Brasilia,7,69.9,75.1,5.199999999999989
Enero,Brasilia,8,70.2,75.5,5.299999999999997
Enero,Brasilia,9,73,74.2,1.2000000000000028
Enero,Brasilia,10,73.4,71.8,-1.6000000000000085
Enero,Brasilia,11,75,70.4,-4.599999999999994
Enero,Brasilia,12,72.3,72.8,0.5
Enero,Brasilia,13,70.1,73.9,3.8000000000000114
Enero,Brasilia,14,68.7,75.8,7.099999999999994
Enero,Brasilia,15,70.3,75.6,5.299999999999997
Enero,Brasilia,16,73.9,78,4.099999999999994
Enero,Brasilia,17,75,76.2,1.2000000000000028
Enero,Brasilia,18,74.5,75.1,0.5999999999999943
Enero,Brasilia,19,75.7,76.3,0.5999999999999943
Enero,Brasilia,20,76.1,77.4,1.3000000000000114
Enero,Brasilia,21,77.2,78.6,1.3999999999999915
Enero,Brasilia,22,77,78.2,1.2000000000000028
Enero,Brasilia,24,77.7,78.1,0.3999999999999915
Enero,Brasilia,25,71.5,75.9,4.400000000000006
Enero,Brasilia,26,72.4,71,-1.4000000000000057
Enero,Brasilia,27,71.4,69.1,-2.3000000000000114
Enero,Brasilia,28,73.3,74.5,1.2000000000000028
Enero,Brasilia,29,72,76.1,4.099999999999994
Enero,Brasilia,30,74.2,76.4,2.200000000000003
Enero,Brasilia,31,74,76.8,2.799999999999997
Febrero,Brasilia,1,71.5,77.4,5.900000000000006
Febrero,Brasilia,2,72.5,78.8,6.299999999999997
Febrero,Brasilia,3,70.5,80,9.5
Febrero,Brasilia,4,65.8,75.7,9.900000000000006
Febrero,Brasilia,5,67.5,71.6,4.099999999999994
Febrero,Brasilia,6,70.6,72.7,2.1000000000000085
Febrero,Brasilia,7,70.1,71.2,1.1000000000000085
Febrero,Brasilia,8,71.7,70.9,-0.7999999999999972
Febrero,Brasilia,9,74,73,-1
Febrero,Brasilia,10,71.8,72,0.20000000000000284
Febrero,Brasilia,11,73.8,73.8,0
Febrero,Brasilia,12,75.5,75.3,-0.20000000000000284
Febrero,Brasilia,13,73.9,77.3,3.3999999999999915
Febrero,Brasilia,14,75.6,76.8,1.2000000000000028
Febrero,Brasilia,15,74.9,74.1,-0.8000000000000114
Febrero,Brasilia,16,74.3,73.6,-0.7000000000000028
Febrero,Brasilia,17,75.6,70.1,-5.5
Febrero,Brasilia,18,71.6,69.2,-2.3999999999999915
Febrero,Brasilia,19,69.4,71.9,2.5
Febrero,Brasilia,20,72.6,74.2,1.6000000000000085
Febrero,Brasilia,21,69.7,73.3,3.5999999999999943
Febrero,Brasilia,22,69.3,75.4,6.1000000000000085
Febrero,Brasilia,23,73.1,74.6,1.5
Febrero,Brasilia,24,71.8,74.7,2.9000000000000057
Febrero,Brasilia,25,72.5,72.9,0.4000000000000057
Febrero,Brasilia,26,71.3,74.3,3
Febrero,Brasilia,27,74.6,73.9,-0.6999999999999886
Febrero,Brasilia,28,76.5,71.9,-4.599999999999994
Marzo,Brasilia,1,74.7,72.3,-2.4000000000000057
Marzo,Brasilia,2,70.4,71,0.5999999999999943
Marzo,Brasilia,3,71.5,69.4,-2.0999999999999943
Marzo,Brasilia,4,73.5,69.6,-3.9000000000000057
Marzo,Brasilia,5,74.7,70,-4.700000000000003
Marzo,Brasilia,6,73.3,72.3,-1
Marzo,Brasilia,7,72.3,72.2,-0.09999999999999432
Marzo,Brasilia,8,71.2,73.9,2.700000000000003
Marzo,Brasilia,9,70.3,76.3,6
Marzo,Brasilia,10,72.2,75.3,3.0999999999999943
Marzo,Brasilia,11,69.7,72.8,3.0999999999999943
Marzo,Brasilia,12,73.4,74.2,0.7999999999999972
Marzo,Brasilia,13,74.8,72.3,-2.5
Marzo,Brasilia,14,70.9,74.9,4
Marzo,Brasilia,15,72.8,76.7,3.9000000000000057
Marzo,Brasilia,16,73.9,76.4,2.5
Marzo,Brasilia,17,71.8,70.9,-0.8999999999999915
Marzo,Brasilia,18,71.5,73.3,1.7999999999999972
Marzo,Brasilia,19,74.1,73.9,-0.19999999999998863
Marzo,Brasilia,20,72.5,74.3,1.7999999999999972
Marzo,Brasilia,21,73.7,71.5,-2.200000000000003
Marzo,Brasilia,22,71.2,72.5,1.2999999999999972
Marzo,Brasilia,23,70.9,72.7,1.7999999999999972
Marzo,Brasilia,24,70.4,72.6,2.1999999999999886
Marzo,Brasilia,25,71,72.4,1.4000000000000057
Marzo,Brasilia,26,73.4,71.9,-1.5
Marzo,Brasilia,27,72.8,71.7,-1.0999999999999943
Marzo,Brasilia,28,70.7,71.9,1.2000000000000028
Marzo,Brasilia,29,68.6,74.1,5.5
Marzo,Brasilia,30,72.5,73.1,0.5999999999999943
Marzo,Brasilia,31,72.3,73.1,0.7999999999999972
Abril,Brasilia,1,72.9,74.1,1.1999999999999886
Abril,Brasilia,2,71.1,74.8,3.700000000000003
Abril,Brasilia,3,70.8,74.2,3.4000000000000057
Abril,Brasilia,4,70.1,72.6,2.5
Abril,Brasilia,5,69.7,74.7,5
Abril,Brasilia,6,69.1,72.7,3.6000000000000085
Abril,Brasilia,7,71.6,71.8,0.20000000000000284
Abril,Brasilia,8,67.8,70.7,2.9000000000000057
Abril,Brasilia,9,68.6,72.4,3.8000000000000114
Abril,Brasilia,10,68.1,73.3,5.200000000000003
Abril,Brasilia,11,65.6,72.5,6.900000000000006
Abril,Brasilia,12,66.9,74,7.099999999999994
Abril,Brasilia,13,70,72.5,2.5
Abril,Brasilia,14,68.4,73.5,5.099999999999994
Abril,Brasilia,15,69.1,74.1,5
Abril,Brasilia,16,70.2,74,3.799999999999997
Abril,Brasilia,17,67.2,74.4,7.200000000000003
Abril,Brasilia,18,66.5,74,7.5
Abril,Brasilia,19,66.2,73.7,7.5
Abril,Brasilia,20,67.5,75.2,7.700000000000003
Abril,Brasilia,21,68.6,74,5.400000000000006
Abril,Brasilia,22,68.7,72,3.299999999999997
Abril,Brasilia,23,69.1,72.1,3
Abril,Brasilia,25,68.7,73.6,4.8999999999999915
Abril,Brasilia,26,68.5,73.6,5.099999999999994
Abril,Brasilia,27,71.2,74.2,3
Abril,Brasilia,28,70.5,74.5,4
Abril,Brasilia,29,68.7,75.6,6.8999999999999915
Abril,Brasilia,30,69.7,74.3,4.599999999999994
Mayo,Brasilia,1,66.6,72.7,6.1000000000000085
Mayo,Brasilia,2,68.5,73.4,4.900000000000006
Mayo,Brasilia,3,70.2,72.9,2.700000000000003
Mayo,Brasilia,4,69.2,74.9,5.700000000000003
Mayo,Brasilia,5,68.5,74.4,5.900000000000006
Mayo,Brasilia,6,68.3,72.6,4.299999999999997
Mayo,Brasilia,7,67.7,74.2,6.5
Mayo,Brasilia,8,68.7,75.5,6.799999999999997
Mayo,Brasilia,9,66,74.7,8.700000000000003
Mayo,Brasilia,10,66.5,75.5,9
Mayo,Brasilia,11,65.6,74.5,8.900000000000006
Mayo,Brasilia,12,65.8,73.9,8.100000000000009
Mayo,Brasilia,13,66.6,73.4,6.800000000000011
Mayo,Brasilia,14,65.5,73.4,7.900000000000006
Mayo,Brasilia,15,66.9,71.1,4.199999999999989
Mayo,Brasilia,19,67,65.5,-1.5
Mayo,Brasilia,20,62.4,71.1,8.699999999999996
Mayo,Brasilia,21,61.3,71.9,10.600000000000009
Mayo,Brasilia,22,63.6,71.6,7.999999999999993
Mayo,Brasilia,23,64.2,73.1,8.899999999999991
Mayo,Brasilia,24,66.6,73.1,6.5
Mayo,Brasilia,25,65.7,70.5,4.799999999999997
Mayo,Brasilia,26,65.6,72.3,6.700000000000003
Mayo,Brasilia,27,64.5,74.3,9.799999999999997
Mayo,Brasilia,28,62.5,72.1,9.599999999999994
Mayo,Brasilia,29,61,71.4,10.400000000000006
Mayo,Brasilia,30,62,71.6,9.599999999999994
Mayo,Brasilia,31,61.5,72.3,10.799999999999997
Junio,Brasilia,1,61.4,74.2,12.800000000000004
Junio,Brasilia,2,62.6,75.1,12.499999999999993
Junio,Brasilia,3,64.3,73.6,9.299999999999997
Junio,Brasilia,4,64.9,70.8,5.8999999999999915
Junio,Brasilia,5,65.7,68.9,3.200000000000003
Junio,Brasilia,6,65.7,67.8,2.0999999999999943
Junio,Brasilia,7,67.3,66.6,-0.7000000000000028
Junio,Brasilia,8,69.1,67.5,-1.5999999999999943
Junio,Brasilia,9,68.2,68.2,0
Junio,Brasilia,10,68.1,69.3,1.2000000000000028
Junio,Brasilia,11,67,67,0
Junio,Brasilia,12,66.8,68.6,1.7999999999999972
Junio,Brasilia,13,67.7,69.1,1.3999999999999915
Junio,Brasilia,14,65.6,71.6,6
Junio,Brasilia,15,64.6,67.7,3.1000000000000085
Junio,Brasilia,16,63,67.4,4.400000000000006
Junio,Brasilia,17,61.5,65.5,4
Junio,Brasilia,18,56.1,68.4,12.300000000000004
Junio,Brasilia,19,63.4,69.9,6.500000000000007
Junio,Brasilia,20,64.9,70.4,5.5
Junio,Brasilia,21,64.2,68.4,4.200000000000003
Junio,Brasilia,22,63.7,67.1,3.3999999999999915
Junio,Brasilia,23,64.1,66.8,2.700000000000003
Junio,Brasilia,24,61.7,67.8,6.099999999999994
Junio,Brasilia,25,63,69.5,6.5
Junio,Brasilia,26,65.9,73.2,7.299999999999997
Junio,Brasilia,27,63.8,69.5,5.700000000000003
Junio,Brasilia,28,62.2,68.6,6.3999999999999915
Junio,Brasilia,29,62.3,64.9,2.6000000000000085
Junio,Brasilia,30,61.1,68.1,6.999999999999993
Julio,Brasilia,1,62.6,67.6,4.999999999999993
Julio,Brasilia,2,65,68.6,3.5999999999999943
Julio,Brasilia,3,71,68.7,-2.299999999999997
Julio,Brasilia,4,63.1,69.7,6.600000000000001
Julio,Brasilia,5,61.7,70.3,8.599999999999994
Julio,Brasilia,6,60.9,68.9,8.000000000000007
Julio,Brasilia,7,62.6,63.2,0.6000000000000014
Julio,Brasilia,8,61,65.3,4.299999999999997
Julio,Brasilia,9,66,66.5,0.5
Julio,Brasilia,10,66.5,63.4,-3.1000000000000014
Julio,Brasilia,11,64.8,65.4,0.6000000000000085
Julio,Brasilia,12,65.3,67.5,2.200000000000003
Julio,Brasilia,13,66,68.8,2.799999999999997
Julio,Brasilia,14,64.6,68.3,3.700000000000003
Julio,Brasilia,15,63.8,68.4,4.6000000000000085
Julio,Brasilia,16,64.2,70.4,6.200000000000003
Julio,Brasilia,17,64.2,71.1,6.8999999999999915
Julio,Brasilia,18,64.3,70.2,5.900000000000006
Julio,Brasilia,19,62.9,67.3,4.399999999999999
Julio,Brasilia,20,63,63.7,0.7000000000000028
Julio,Brasilia,21,63.4,65.8,2.3999999999999986
Julio,Brasilia,22,63.1,68.2,5.100000000000001
Julio,Brasilia,23,62.9,67.6,4.699999999999996
Julio,Brasilia,24,61.3,68.5,7.200000000000003
Julio,Brasilia,25,63.1,68.8,5.699999999999996
Julio,Brasilia,26,61.2,66.8,5.599999999999994
Julio,Brasilia,27,63.2,64.7,1.5
Julio,Brasilia,28,63.2,66.2,3
Julio,Brasilia,29,64,69.3,5.299999999999997
Julio,Brasilia,30,64.6,70.2,5.6000000000000085
Julio,Brasilia,31,65.2,71.8,6.599999999999994
Agosto,Brasilia,1,65.8,72.5,6.700000000000003
Agosto,Brasilia,2,70.4,71.5,1.0999999999999943
Agosto,Brasilia,3,69.6,72.2,2.6000000000000085
Agosto,Brasilia,4,70,71.8,1.7999999999999972
Agosto,Brasilia,5,70.9,70.4,-0.5
Agosto,Brasilia,6,69.7,68.1,-1.6000000000000085
Agosto,Brasilia,7,70,68.6,-1.4000000000000057
Agosto,Brasilia,8,69.3,67.8,-1.5
Agosto,Brasilia,9,67.9,68.9,1
Agosto,Brasilia,10,69.2,71.5,2.299999999999997
Agosto,Brasilia,11,70.5,73.2,2.700000000000003
Agosto,Brasilia,12,67,74.9,7.900000000000006
Agosto,Brasilia,13,65.5,71.4,5.900000000000006
Agosto,Brasilia,14,67.8,69.9,2.1000000000000085
Agosto,Brasilia,15,69.3,69.1,-0.20000000000000284
Agosto,Brasilia,16,68.2,68.9,0.7000000000000028
Agosto,Brasilia,17,64.8,70.1,5.299999999999997
Agosto,Brasilia,18,65.8,73.1,7.299999999999997
Agosto,Brasilia,19,67.3,75.8,8.5
Agosto,Brasilia,20,67.1,77.5,10.400000000000006
Agosto,Brasilia,21,67,74.5,7.5
Agosto,Brasilia,22,68,73.6,5.599999999999994
Agosto,Brasilia,23,70.2,76.5,6.299999999999997
Agosto,Brasilia,24,71.1,74.8,3.700000000000003
Agosto,Brasilia,25,70.2,73.4,3.200000000000003
Agosto,Brasilia,26,73,73.1,0.09999999999999432
Agosto,Brasilia,27,70.5,71.4,0.9000000000000057
Agosto,Brasilia,28,69.2,72.3,3.0999999999999943
Agosto,Brasilia,29,67.4,73.2,5.799999999999997
Agosto,Brasilia,30,68.6,73.9,5.300000000000011
Agosto,Brasilia,31,67.4,75.9,8.5
Septiembre,Brasilia,1,69.2,77.2,8
Septiembre,Brasilia,2,70.6,76.3,5.700000000000003
Septiembre,Brasilia,3,72.5,78,5.5
Septiembre,Brasilia,4,70.4,78.9,8.5
Septiembre,Brasilia,5,66.9,76,9.099999999999994
Septiembre,Brasilia,6,70.1,74.7,4.6000000000000085
Septiembre,Brasilia,7,71.9,74.3,2.3999999999999915
Septiembre,Brasilia,8,69.9,75.3,5.3999999999999915
Septiembre,Brasilia,9,67.2,75.5,8.299999999999997
Septiembre,Brasilia,10,67.8,76.8,9
Septiembre,Brasilia,11,69.1,77.3,8.200000000000003
Septiembre,Brasilia,12,71.6,78.2,6.6000000000000085
Septiembre,Brasilia,13,75.1,78.3,3.200000000000003
Septiembre,Brasilia,14,73.1,78.8,5.700000000000003
Septiembre,Brasilia,15,68.5,76.1,7.599999999999994
Septiembre,Brasilia,16,71.7,76.8,5.099999999999994
Septiembre,Brasilia,18,73.6,80,6.400000000000006
Septiembre,Brasilia,19,70.5,80.2,9.700000000000003
Septiembre,Brasilia,20,75.2,82.8,7.599999999999994
Septiembre,Brasilia,21,70.5,85.2,14.700000000000003
Septiembre,Brasilia,22,73.6,81.1,7.5
Septiembre,Brasilia,23,72.4,79.7,7.299999999999997
Septiembre,Brasilia,24,80.6,76.9,-3.6999999999999886
Septiembre,Brasilia,25,75.1,77.9,2.8000000000000114
Septiembre,Brasilia,26,73.5,70.7,-2.799999999999997
Septiembre,Brasilia,27,73.5,72.2,-1.2999999999999972
Septiembre,Brasilia,28,74.4,73.8,-0.6000000000000085
Septiembre,Brasilia,29,78.7,77.6,-1.1000000000000085
Septiembre,Brasilia,30,76.5,77.4,0.9000000000000057
Octubre,Brasilia,1,73.7,79.4,5.700000000000003
Octubre,Brasilia,2,72,78.9,6.900000000000006
Octubre,Brasilia,3,75.2,81.4,6.200000000000003
Octubre,Brasilia,4,76.5,81.6,5.099999999999994
Octubre,Brasilia,5,77.3,79.4,2.1000000000000085
Octubre,Brasilia,6,74,76.6,2.5999999999999943
Octubre,Brasilia,7,72.2,77.4,5.200000000000003
Octubre,Brasilia,8,75.5,77.4,1.9000000000000057
Octubre,Brasilia,9,71.4,76.1,4.699999999999989
Octubre,Brasilia,10,72.4,79.5,7.099999999999994
Octubre,Brasilia,11,76.7,75.7,-1
Octubre,Brasilia,12,78.5,79.5,1
Octubre,Brasilia,13,78.2,78.8,0.5999999999999943
Octubre,Brasilia,14,78,78,0
Octubre,Brasilia,15,72.9,79.2,6.299999999999997
Octubre,Brasilia,16,74.5,79.4,4.900000000000006
Octubre,Brasilia,17,72.3,80.9,8.600000000000009
Octubre,Brasilia,18,74.2,80.1,5.8999999999999915
Octubre,Brasilia,19,70.2,81.1,10.899999999999991
Octubre,Brasilia,20,71.2,83.4,12.200000000000003
Octubre,Brasilia,21,69.4,77.1,7.699999999999989
Octubre,Brasilia,22,67.3,74.5,7.200000000000003
Octubre,Brasilia,23,69.9,74,4.099999999999994
Octubre,Brasilia,24,72.4,73.5,1.0999999999999943
Octubre,Brasilia,25,70.7,77.9,7.200000000000003
Octubre,Brasilia,26,73.7,76.6,2.8999999999999915
Octubre,Brasilia,27,75.9,75.8,-0.10000000000000853
Octubre,Brasilia,28,76.1,79.9,3.8000000000000114
Octubre,Brasilia,29,72.9,79.1,6.199999999999989
Octubre,Brasilia,30,73.9,78,4.099999999999994
Octubre,Brasilia,31,75.6,79.2,3.6000000000000085
Noviembre,Brasilia,1,71.7,82.3,10.599999999999994
Noviembre,Brasilia,2,71,79.6,8.599999999999994
Noviembre,Brasilia,3,70.1,76.7,6.6000000000000085
Noviembre,Brasilia,4,72.6,75.8,3.200000000000003
Noviembre,Brasilia,5,73.4,76.9,3.5
Noviembre,Brasilia,6,69.8,77.7,7.900000000000006
Noviembre,Brasilia,7,69,74.9,5.900000000000006
Noviembre,Brasilia,8,69.2,77.2,8
Noviembre,Brasilia,9,68.6,81.1,12.5
Noviembre,Brasilia,10,67.6,81,13.400000000000006
Noviembre,Brasilia,11,71.4,81.7,10.299999999999997
Noviembre,Brasilia,12,74.7,83.3,8.599999999999994
Noviembre,Brasilia,13,72.8,82,9.200000000000003
Noviembre,Brasilia,16,70.6,75.4,4.800000000000011
Noviembre,Brasilia,18,74.8,72,-2.799999999999997
Noviembre,Brasilia,19,72.3,73,0.7000000000000028
Noviembre,Brasilia,20,70.3,70.8,0.5
Noviembre,Brasilia,21,71,70.7,-0.29999999999999716
Noviembre,Brasilia,22,69.4,71.6,2.1999999999999886
Noviembre,Brasilia,23,70.1,72.1,2
Noviembre,Brasilia,24,68.5,73.6,5.099999999999994
Noviembre,Brasilia,25,66.3,71.4,5.1000000000000085
Noviembre,Brasilia,26,69.4,76.5,7.099999999999994
Noviembre,Brasilia,27,70.4,75.3,4.8999999999999915
Noviembre,Brasilia,28,71.8,75.2,3.4000000000000057
Noviembre,Brasilia,29,73.4,76.4,3
Noviembre,Brasilia,30,73.8,72.9,-0.8999999999999915
Diciembre,Brasilia,1,70.5,74.8,4.299999999999997
Diciembre,Brasilia,2,70.5,74.3,3.799999999999997
Diciembre,Brasilia,3,69.4,74.9,5.5
Diciembre,Brasilia,4,70,74.3,4.299999999999997
Diciembre,Brasilia,5,73,74,1
Diciembre,Brasilia,6,74.1,73.7,-0.3999999999999915
Diciembre,Brasilia,7,74.1,73.4,-0.6999999999999886
Diciembre,Brasilia,8,70.5,72.8,2.299999999999997
Diciembre,Brasilia,9,68.4,74.5,6.099999999999994
Diciembre,Brasilia,10,68.4,72.6,4.199999999999989
Diciembre,Brasilia,11,71,74.5,3.5
Diciembre,Brasilia,12,71.5,74.7,3.200000000000003
Diciembre,Brasilia,13,71.7,76.4,4.700000000000003
Diciembre,Brasilia,14,74.2,76,1.7999999999999972
Diciembre,Brasilia,15,74.4,77.4,3
Diciembre,Brasilia,16,75,78.1,3.0999999999999943
Diciembre,Brasilia,17,75.1,77.4,2.3000000000000114
Diciembre,Brasilia,18,75,74.8,-0.20000000000000284
Diciembre,Brasilia,19,77.1,72.8,-4.299999999999997
Diciembre,Brasilia,20,77.6,77,-0.5999999999999943
Diciembre,Brasilia,21,78.5,78.2,-0.29999999999999716
Diciembre,Brasilia,22,75.6,76.8,1.2000000000000028
Diciembre,Brasilia,23,71.4,74.8,3.3999999999999915
Diciembre,Brasilia,24,71.3,71.3,0
Diciembre,Brasilia,25,72.5,73.4,0.9000000000000057
Diciembre,Brasilia,26,73.8,75.5,1.7000000000000028
Diciembre,Brasilia,27,75.4,77,1.5999999999999943
Diciembre,Brasilia,28,72.1,77.5,5.400000000000006
Diciembre,Brasilia,29,72,78,6
Diciembre,Brasilia,30,74.5,78.3,3.799999999999997
Diciembre,Brasilia,31,71.9,74.5,2.5999999999999943
Enero,Brazzaville,1,75.9,79.4,3.5
Enero,Brazzaville,2,79.2,78.6,-0.6000000000000085
Enero,Brazzaville,3,81.8,77.9,-3.8999999999999915
Enero,Brazzaville,4,75.8,78.7,2.9000000000000057
Enero,Brazzaville,5,78.2,79.3,1.0999999999999943
Enero,Brazzaville,6,78.9,75.2,-3.700000000000003
Enero,Brazzaville,7,74.9,79.8,4.8999999999999915
Enero,Brazzaville,8,77.6,79.6,2
Enero,Brazzaville,9,78.7,78.7,0
Enero,Brazzaville,10,79.4,79.4,0
Enero,Brazzaville,11,79.3,79.1,-0.20000000000000284
Enero,Brazzaville,12,76.3,79.5,3.200000000000003
Enero,Brazzaville,13,77,78.3,1.2999999999999972
Enero,Brazzaville,14,77.8,75.9,-1.8999999999999915
Enero,Brazzaville,15,79.7,80.4,0.7000000000000028
Enero,Brazzaville,16,77.8,79.1,1.2999999999999972
Enero,Brazzaville,17,80.6,78.1,-2.5
Enero,Brazzaville,18,75.5,77.7,2.200000000000003
Enero,Brazzaville,19,75.6,79.4,3.8000000000000114
Enero,Brazzaville,20,77,80.5,3.5
Enero,Brazzaville,21,79.4,79.3,-0.10000000000000853
Enero,Brazzaville,22,80.9,80.1,-0.8000000000000114
Enero,Brazzaville,24,77.5,81.2,3.700000000000003
Enero,Brazzaville,25,75.3,81.4,6.1000000000000085
Enero,Brazzaville,26,78.7,80.5,1.7999999999999972
Enero,Brazzaville,27,79.9,80.7,0.7999999999999972
Enero,Brazzaville,28,79.5,81.1,1.5999999999999943
Enero,Brazzaville,29,81,83.4,2.4000000000000057
Enero,Brazzaville,30,81.9,75.2,-6.700000000000003
Enero,Brazzaville,31,78.5,80.1,1.5999999999999943
Febrero,Brazzaville,1,81.5,78,-3.5
Febrero,Brazzaville,2,80.8,83,2.200000000000003
Febrero,Brazzaville,3,78.2,77.1,-1.1000000000000085
Febrero,Brazzaville,4,79.9,79.7,-0.20000000000000284
Febrero,Brazzaville,5,81.8,75.1,-6.700000000000003
Febrero,Brazzaville,6,80.7,80.5,-0.20000000000000284
Febrero,Brazzaville,7,82.1,81.7,-0.3999999999999915
Febrero,Brazzaville,8,82.5,82.5,0
Febrero,Brazzaville,9,82.3,77.4,-4.8999999999999915
Febrero,Brazzaville,10,79.6,81.7,2.1000000000000085
Febrero,Brazzaville,11,80.9,84.9,4
Febrero,Brazzaville,12,83.4,79.6,-3.8000000000000114
Febrero,Brazzaville,13,76.1,78.9,2.8000000000000114
Febrero,Brazzaville,14,80.5,80.5,0
Febrero,Brazzaville,15,82.1,76,-6.099999999999994
Febrero,Brazzaville,16,84.2,79.6,-4.6000000000000085
Febrero,Brazzaville,17,73.7,81.1,7.3999999999999915
Febrero,Brazzaville,18,79.2,80.5,1.2999999999999972
Febrero,Brazzaville,19,75,81.6,6.599999999999994
Febrero,Brazzaville,20,77.9,82.1,4.199999999999989
Febrero,Brazzaville,21,77,75.9,-1.0999999999999943
Febrero,Brazzaville,22,80.4,75.9,-4.5
Febrero,Brazzaville,23,78,78.3,0.29999999999999716
Febrero,Brazzaville,24,81.8,81.1,-0.7000000000000028
Febrero,Brazzaville,25,79.9,82.9,3
Febrero,Brazzaville,26,81.3,80.4,-0.8999999999999915
Febrero,Brazzaville,27,77.7,78.5,0.7999999999999972
Febrero,Brazzaville,28,78.2,81.2,3
Marzo,Brazzaville,1,79.1,81.1,2
Marzo,Brazzaville,2,82.1,81.3,-0.7999999999999972
Marzo,Brazzaville,3,79.4,83,3.5999999999999943
Marzo,Brazzaville,4,81.2,80,-1.2000000000000028
Marzo,Brazzaville,5,82,81.6,-0.4000000000000057
Marzo,Brazzaville,6,81.6,81.7,0.10000000000000853
Marzo,Brazzaville,7,83,82.5,-0.5
Marzo,Brazzaville,8,83.6,82.6,-1
Marzo,Brazzaville,9,84.2,80.6,-3.6000000000000085
Marzo,Brazzaville,10,82.5,83.3,0.7999999999999972
Marzo,Brazzaville,11,82.8,81.7,-1.0999999999999943
Marzo,Brazzaville,12,85,82.8,-2.200000000000003
Marzo,Brazzaville,13,85.4,82.1,-3.3000000000000114
Marzo,Brazzaville,14,82.9,83.6,0.6999999999999886
Marzo,Brazzaville,15,82.7,85.3,2.5999999999999943
Marzo,Brazzaville,16,83.6,80.2,-3.3999999999999915
Marzo,Brazzaville,17,80.9,82,1.0999999999999943
Marzo,Brazzaville,18,78.3,84.6,6.299999999999997
Marzo,Brazzaville,19,76.6,80.6,4
Marzo,Brazzaville,20,80.2,79.6,-0.6000000000000085
Marzo,Brazzaville,21,82.5,84.2,1.7000000000000028
Marzo,Brazzaville,22,80.3,81.8,1.5
Marzo,Brazzaville,23,78.5,76.6,-1.9000000000000057
Marzo,Brazzaville,24,81.1,78.7,-2.3999999999999915
Marzo,Brazzaville,25,82.4,81.1,-1.3000000000000114
Marzo,Brazzaville,26,83.2,83.3,0.09999999999999432
Marzo,Brazzaville,27,79.6,82.5,2.9000000000000057
Marzo,Brazzaville,28,77.8,82.3,4.5
Marzo,Brazzaville,29,82.6,81.7,-0.8999999999999915
Marzo,Brazzaville,30,79.8,82.5,2.700000000000003
Marzo,Brazzaville,31,80.8,77.3,-3.5
Abril,Brazzaville,1,81.1,83.4,2.3000000000000114
Abril,Brazzaville,2,79.7,78.8,-0.9000000000000057
Abril,Brazzaville,3,80.8,81.4,0.6000000000000085
Abril,Brazzaville,4,82.3,82.9,0.6000000000000085
Abril,Brazzaville,5,78.7,81.6,2.8999999999999915
Abril,Brazzaville,6,79.8,78,-1.7999999999999972
Abril,Brazzaville,7,81.5,78.8,-2.700000000000003
Abril,Brazzaville,8,81.6,80.7,-0.8999999999999915
Abril,Brazzaville,9,73.5,83.4,9.900000000000006
Abril,Brazzaville,10,78.5,80.8,2.299999999999997
Abril,Brazzaville,11,76.3,77.5,1.2000000000000028
Abril,Brazzaville,12,78.3,80.8,2.5
Abril,Brazzaville,13,79.7,77.5,-2.200000000000003
Abril,Brazzaville,14,76.2,81.1,4.8999999999999915
Abril,Brazzaville,15,79.7,81.9,2.200000000000003
Abril,Brazzaville,16,81.3,80.5,-0.7999999999999972
Abril,Brazzaville,17,83,81.7,-1.2999999999999972
Abril,Brazzaville,18,82.1,82,-0.09999999999999432
Abril,Brazzaville,19,77.7,81.6,3.8999999999999915
Abril,Brazzaville,20,79.1,82.5,3.4000000000000057
Abril,Brazzaville,21,81.8,77.4,-4.3999999999999915
Abril,Brazzaville,22,80.3,81.8,1.5
Abril,Brazzaville,23,80.7,84.4,3.700000000000003
Abril,Brazzaville,24,80.6,74.8,-5.799999999999997
Abril,Brazzaville,25,78,81.1,3.0999999999999943
Abril,Brazzaville,26,80.3,82.3,2
Abril,Brazzaville,27,81.2,83.3,2.0999999999999943
Abril,Brazzaville,28,82,82.9,0.9000000000000057
Abril,Brazzaville,29,79.9,80.5,0.5999999999999943
Abril,Brazzaville,30,81,81.1,0.09999999999999432
Mayo,Brazzaville,1,82.8,82.7,-0.09999999999999432
Mayo,Brazzaville,2,80.4,85,4.599999999999994
Mayo,Brazzaville,3,82.3,82.8,0.5
Mayo,Brazzaville,4,81.5,81.6,0.09999999999999432
Mayo,Brazzaville,5,77.4,79.4,2
Mayo,Brazzaville,6,80,75.3,-4.700000000000003
Mayo,Brazzaville,7,81,75.8,-5.200000000000003
Mayo,Brazzaville,8,79.6,81.7,2.1000000000000085
Mayo,Brazzaville,9,79,80.5,1.5
Mayo,Brazzaville,10,79.1,78.7,-0.3999999999999915
Mayo,Brazzaville,11,78.8,78.6,-0.20000000000000284
Mayo,Brazzaville,12,82.1,78.4,-3.6999999999999886
Mayo,Brazzaville,13,76.4,77.4,1
Mayo,Brazzaville,14,77.6,77.8,0.20000000000000284
Mayo,Brazzaville,15,78.9,81.7,2.799999999999997
Mayo,Brazzaville,20,77.4,81.9,4.5
Mayo,Brazzaville,21,79,79.5,0.5
Mayo,Brazzaville,22,80.2,80.3,0.09999999999999432
Mayo,Brazzaville,23,79,79.5,0.5
Mayo,Brazzaville,24,77.7,80.3,2.5999999999999943
Mayo,Brazzaville,25,77.7,80.5,2.799999999999997
Mayo,Brazzaville,26,76.7,80.2,3.5
Mayo,Brazzaville,27,79,79.5,0.5
Mayo,Brazzaville,28,78.1,78.3,0.20000000000000284
Mayo,Brazzaville,29,77,78.2,1.2000000000000028
Mayo,Brazzaville,30,77.8,77.8,0
Mayo,Brazzaville,31,79.8,76,-3.799999999999997
Junio,Brazzaville,1,79,77.2,-1.7999999999999972
Junio,Brazzaville,2,76.6,78.6,2
Junio,Brazzaville,3,77.4,77.2,-0.20000000000000284
Junio,Brazzaville,4,78.6,76.8,-1.7999999999999972
Junio,Brazzaville,5,78.6,75.7,-2.8999999999999915
Junio,Brazzaville,6,78.5,75,-3.5
Junio,Brazzaville,7,75.4,75,-0.4000000000000057
Junio,Brazzaville,8,76.1,74.2,-1.8999999999999915
Junio,Brazzaville,9,76.4,72,-4.400000000000006
Junio,Brazzaville,10,77.3,77.8,0.5
Junio,Brazzaville,11,77.9,76.9,-1
Junio,Brazzaville,12,75.6,77.1,1.5
Junio,Brazzaville,13,75.7,74.3,-1.4000000000000057
Junio,Brazzaville,14,75.5,76.3,0.7999999999999972
Junio,Brazzaville,15,74.4,76.2,1.7999999999999972
Junio,Brazzaville,16,77.5,75.4,-2.0999999999999943
Junio,Brazzaville,17,74.8,76.5,1.7000000000000028
Junio,Brazzaville,18,71.9,78.1,6.199999999999989
Junio,Brazzaville,19,75.8,79.7,3.9000000000000057
Junio,Brazzaville,20,73.7,75.7,2
Junio,Brazzaville,21,74.1,75,0.9000000000000057
Junio,Brazzaville,22,75.1,75.4,0.30000000000001137
Junio,Brazzaville,23,74.5,73,-1.5
Junio,Brazzaville,24,74,74.6,0.5999999999999943
Junio,Brazzaville,25,75.6,71.4,-4.199999999999989
Junio,Brazzaville,26,75.8,70,-5.799999999999997
Junio,Brazzaville,27,74.4,71.5,-2.9000000000000057
Junio,Brazzaville,28,75.7,73.2,-2.5
Junio,Brazzaville,29,74,75.3,1.2999999999999972
Junio,Brazzaville,30,75.8,75.8,0
Julio,Brazzaville,1,72.8,72.4,-0.3999999999999915
Julio,Brazzaville,2,73.3,73.2,-0.09999999999999432
Julio,Brazzaville,3,74.6,75.3,0.7000000000000028
Julio,Brazzaville,4,77.2,76.3,-0.9000000000000057
Julio,Brazzaville,5,74.8,73,-1.7999999999999972
Julio,Brazzaville,6,75.1,74.3,-0.7999999999999972
Julio,Brazzaville,7,75.9,76,0.09999999999999432
Julio,Brazzaville,8,73.7,75.8,2.0999999999999943
Julio,Brazzaville,9,77.4,72.7,-4.700000000000003
Julio,Brazzaville,10,74.8,73.7,-1.0999999999999943
Julio,Brazzaville,11,75.1,75.1,0
Julio,Brazzaville,12,74.8,75.3,0.5
Julio,Brazzaville,13,76.4,76.4,0
Julio,Brazzaville,14,74.5,78.5,4
Julio,Brazzaville,15,73.1,80.5,7.400000000000006
Julio,Brazzaville,16,74.3,74.5,0.20000000000000284
Julio,Brazzaville,17,75.6,78.2,2.6000000000000085
Julio,Brazzaville,18,75.5,77.3,1.7999999999999972
Julio,Brazzaville,19,75.5,73.4,-2.0999999999999943
Julio,Brazzaville,20,71.5,73,1.5
Julio,Brazzaville,21,72,74.2,2.200000000000003
Julio,Brazzaville,22,75.2,76.9,1.7000000000000028
Julio,Brazzaville,23,74.4,75.9,1.5
Julio,Brazzaville,24,72.3,76.9,4.6000000000000085
Julio,Brazzaville,25,73.7,75.5,1.7999999999999972
Julio,Brazzaville,26,73.5,73.3,-0.20000000000000284
Julio,Brazzaville,27,75.1,73.1,-2
Julio,Brazzaville,28,76.2,71.6,-4.6000000000000085
Julio,Brazzaville,29,76.1,72.8,-3.299999999999997
Julio,Brazzaville,30,76.3,77.8,1.5
Julio,Brazzaville,31,74.3,78.6,4.299999999999997
Agosto,Brazzaville,1,74.2,77.1,2.8999999999999915
Agosto,Brazzaville,2,74.9,76,1.0999999999999943
Agosto,Brazzaville,3,78.7,74.8,-3.9000000000000057
Agosto,Brazzaville,4,76,78.1,2.0999999999999943
Agosto,Brazzaville,5,77.2,79.8,2.5999999999999943
Agosto,Brazzaville,6,74.3,77.7,3.4000000000000057
Agosto,Brazzaville,7,74.3,74.1,-0.20000000000000284
Agosto,Brazzaville,8,73.7,76.6,2.8999999999999915
Agosto,Brazzaville,9,77.4,75.7,-1.7000000000000028
Agosto,Brazzaville,10,79.3,76.6,-2.700000000000003
Agosto,Brazzaville,11,78.1,76.9,-1.1999999999999886
Agosto,Brazzaville,12,73.9,75.6,1.6999999999999886
Agosto,Brazzaville,13,77.6,75.6,-2
Agosto,Brazzaville,14,76.4,78.1,1.6999999999999886
Agosto,Brazzaville,15,77.2,78.3,1.0999999999999943
Agosto,Brazzaville,16,78.4,73.9,-4.5
Agosto,Brazzaville,17,76.6,75.2,-1.3999999999999915
Agosto,Brazzaville,18,78.4,77.2,-1.2000000000000028
Agosto,Brazzaville,19,77.9,76.2,-1.7000000000000028
Agosto,Brazzaville,20,78.2,74.7,-3.5
Agosto,Brazzaville,21,78.4,73.6,-4.800000000000011
Agosto,Brazzaville,22,77.4,78,0.5999999999999943
Agosto,Brazzaville,23,78.3,79.7,1.4000000000000057
Agosto,Brazzaville,24,79.3,73.9,-5.3999999999999915
Agosto,Brazzaville,25,77.8,71.4,-6.3999999999999915
Agosto,Brazzaville,26,75.3,73.2,-2.0999999999999943
Agosto,Brazzaville,27,78.9,79.3,0.3999999999999915
Agosto,Brazzaville,28,77.6,78.3,0.7000000000000028
Agosto,Brazzaville,29,75.9,79,3.0999999999999943
Agosto,Brazzaville,30,76.6,75.8,-0.7999999999999972
Agosto,Brazzaville,31,78.4,76.6,-1.8000000000000114
Septiembre,Brazzaville,1,75,81.6,6.599999999999994
Septiembre,Brazzaville,2,78.5,79.2,0.7000000000000028
Septiembre,Brazzaville,3,80.6,76.1,-4.5
Septiembre,Brazzaville,4,76.3,77.8,1.5
Septiembre,Brazzaville,5,79.9,75.3,-4.6000000000000085
Septiembre,Brazzaville,6,77.7,79.1,1.3999999999999915
Septiembre,Brazzaville,7,80.1,79.5,-0.5999999999999943
Septiembre,Brazzaville,8,80.7,77.3,-3.4000000000000057
Septiembre,Brazzaville,9,74.8,75.4,0.6000000000000085
Septiembre,Brazzaville,10,79.4,79.5,0.09999999999999432
Septiembre,Brazzaville,11,80,80.1,0.09999999999999432
Septiembre,Brazzaville,12,75.9,79.7,3.799999999999997
Septiembre,Brazzaville,13,80.1,82.5,2.4000000000000057
Septiembre,Brazzaville,14,81.3,78.3,-3
Septiembre,Brazzaville,15,81.1,76.2,-4.8999999999999915
Septiembre,Brazzaville,16,78.2,79.2,1
Septiembre,Brazzaville,18,85.8,80.5,-5.299999999999997
Septiembre,Brazzaville,19,80.8,77,-3.799999999999997
Septiembre,Brazzaville,20,82.5,77.9,-4.599999999999994
Septiembre,Brazzaville,21,81.8,79.3,-2.5
Septiembre,Brazzaville,22,81.4,81.6,0.19999999999998863
Septiembre,Brazzaville,23,78.9,82.4,3.5
Septiembre,Brazzaville,24,76.1,79.5,3.4000000000000057
Septiembre,Brazzaville,25,80.9,75.4,-5.5
Septiembre,Brazzaville,26,82.4,79.8,-2.6000000000000085
Septiembre,Brazzaville,27,79.1,80.8,1.7000000000000028
Septiembre,Brazzaville,28,81.9,76.9,-5
Septiembre,Brazzaville,29,80.4,78.9,-1.5
Septiembre,Brazzaville,30,81.6,78.2,-3.3999999999999915
Octubre,Brazzaville,1,78.6,80.6,2
Octubre,Brazzaville,2,79.4,75.2,-4.200000000000003
Octubre,Brazzaville,3,81,80.1,-0.9000000000000057
Octubre,Brazzaville,4,81,75.1,-5.900000000000006
Octubre,Brazzaville,5,79.7,79.8,0.09999999999999432
Octubre,Brazzaville,6,83.2,81,-2.200000000000003
Octubre,Brazzaville,7,82.4,74.9,-7.5
Octubre,Brazzaville,8,74.2,79.3,5.099999999999994
Octubre,Brazzaville,9,78.3,75.7,-2.5999999999999943
Octubre,Brazzaville,10,80,79.6,-0.4000000000000057
Octubre,Brazzaville,11,77.6,77.5,-0.09999999999999432
Octubre,Brazzaville,12,77.5,79.5,2
Octubre,Brazzaville,13,79.5,79.4,-0.09999999999999432
Octubre,Brazzaville,14,81.5,76,-5.5
Octubre,Brazzaville,15,79,72.9,-6.099999999999994
Octubre,Brazzaville,16,78.7,77.5,-1.2000000000000028
Octubre,Brazzaville,17,72.1,75.2,3.1000000000000085
Octubre,Brazzaville,18,75.2,78.8,3.5999999999999943
Octubre,Brazzaville,19,81,77.9,-3.0999999999999943
Octubre,Brazzaville,20,83.9,79.3,-4.6000000000000085
Octubre,Brazzaville,21,75.2,81,5.799999999999997
Octubre,Brazzaville,22,73.4,77,3.5999999999999943
Octubre,Brazzaville,23,81.8,79,-2.799999999999997
Octubre,Brazzaville,24,80.8,81.2,0.4000000000000057
Octubre,Brazzaville,25,78.1,79.6,1.5
Octubre,Brazzaville,26,77.1,77,-0.09999999999999432
Octubre,Brazzaville,27,82.5,80.1,-2.4000000000000057
Octubre,Brazzaville,28,77.3,80.9,3.6000000000000085
Octubre,Brazzaville,29,83.6,78.7,-4.8999999999999915
Octubre,Brazzaville,30,79.4,79.8,0.3999999999999915
Octubre,Brazzaville,31,79.6,79.9,0.30000000000001137
Noviembre,Brazzaville,1,75.1,81.9,6.800000000000011
Noviembre,Brazzaville,2,79,77.3,-1.7000000000000028
Noviembre,Brazzaville,3,79.6,81,1.4000000000000057
Noviembre,Brazzaville,4,81.3,81,-0.29999999999999716
Noviembre,Brazzaville,5,78,77.6,-0.4000000000000057
Noviembre,Brazzaville,6,80.6,79.3,-1.2999999999999972
Noviembre,Brazzaville,7,82.4,80.2,-2.200000000000003
Noviembre,Brazzaville,8,73.9,82.5,8.599999999999994
Noviembre,Brazzaville,9,79.8,78.5,-1.2999999999999972
Noviembre,Brazzaville,10,81,81.4,0.4000000000000057
Noviembre,Brazzaville,11,81.7,74.6,-7.1000000000000085
Noviembre,Brazzaville,12,75.9,79.1,3.1999999999999886
Noviembre,Brazzaville,13,82.5,78.9,-3.5999999999999943
Noviembre,Brazzaville,16,80.3,78,-2.299999999999997
Noviembre,Brazzaville,18,78,79.6,1.5999999999999943
Noviembre,Brazzaville,19,80,80.9,0.9000000000000057
Noviembre,Brazzaville,20,79.8,79.7,-0.09999999999999432
Noviembre,Brazzaville,21,79.1,77.2,-1.8999999999999915
Noviembre,Brazzaville,22,79.4,75.8,-3.6000000000000085
Noviembre,Brazzaville,23,82,78.8,-3.200000000000003
Noviembre,Brazzaville,24,80.8,78.5,-2.299999999999997
Noviembre,Brazzaville,25,74.3,79.9,5.6000000000000085
Noviembre,Brazzaville,26,77.9,75,-2.9000000000000057
Noviembre,Brazzaville,27,75.9,79,3.0999999999999943
Noviembre,Brazzaville,28,82,77.6,-4.400000000000006
Noviembre,Brazzaville,29,82.4,80.7,-1.7000000000000028
Noviembre,Brazzaville,30,75.4,79.4,4
Diciembre,Brazzaville,1,76.6,80.7,4.1000000000000085
Diciembre,Brazzaville,2,74,79.5,5.5
Diciembre,Brazzaville,3,74.2,76.2,2
Diciembre,Brazzaville,4,77.5,76.1,-1.4000000000000057
Diciembre,Brazzaville,5,80.6,75.9,-4.699999999999989
Diciembre,Brazzaville,6,81.1,77.6,-3.5
Diciembre,Brazzaville,7,76.6,78,1.4000000000000057
Diciembre,Brazzaville,8,78,80.2,2.200000000000003
Diciembre,Brazzaville,9,80.7,79,-1.7000000000000028
Diciembre,Brazzaville,10,78.2,76.6,-1.6000000000000085
Diciembre,Brazzaville,11,77.7,77.7,0
Diciembre,Brazzaville,12,80.9,79.5,-1.4000000000000057
Diciembre,Brazzaville,13,81.4,80.4,-1
Diciembre,Brazzaville,14,79.3,76.3,-3
Diciembre,Brazzaville,15,77.3,79.2,1.9000000000000057
Diciembre,Brazzaville,16,79.4,82.1,2.6999999999999886
Diciembre,Brazzaville,17,75.1,82.1,7
Diciembre,Brazzaville,18,79.4,73.8,-5.6000000000000085
Diciembre,Brazzaville,19,79.8,78.2,-1.5999999999999943
Diciembre,Brazzaville,20,78.2,79.1,0.8999999999999915
Diciembre,Brazzaville,21,80.4,78.4,-2
Diciembre,Brazzaville,22,80.6,79,-1.5999999999999943
Diciembre,Brazzaville,23,76.6,79.9,3.3000000000000114
Diciembre,Brazzaville,24,80,78.8,-1.2000000000000028
Diciembre,Brazzaville,25,79.8,81.6,1.7999999999999972
Diciembre,Brazzaville,26,76.2,76.7,0.5
Diciembre,Brazzaville,27,79,80.6,1.5999999999999943
Diciembre,Brazzaville,28,79.2,81.2,2
Diciembre,Brazzaville,29,78.2,79.2,1
Diciembre,Brazzaville,30,75.7,80.2,4.5
Diciembre,Brazzaville,31,80.8,82.1,1.2999999999999972
Enero,Jakarta,1,84.1,79.4,-4.699999999999989
Enero,Jakarta,2,84.8,82.7,-2.0999999999999943
Enero,Jakarta,3,83.6,84.2,0.6000000000000085
Enero,Jakarta,5,83.1,84.3,1.2000000000000028
Enero,Jakarta,6,84.6,85.6,1
Enero,Jakarta,7,83.5,84.6,1.0999999999999943
Enero,Jakarta,8,84.1,83,-1.0999999999999943
Enero,Jakarta,9,82.5,82.6,0.09999999999999432
Enero,Jakarta,10,83.8,83.1,-0.7000000000000028
Enero,Jakarta,11,82.4,84.4,2
Enero,Jakarta,12,83.7,83.9,0.20000000000000284
Enero,Jakarta,13,82.9,81.5,-1.4000000000000057
Enero,Jakarta,14,78.5,81.5,3
Enero,Jakarta,15,78.6,83.9,5.300000000000011
Enero,Jakarta,16,81.9,82.1,0.19999999999998863
Enero,Jakarta,17,82.1,84.4,2.3000000000000114
Enero,Jakarta,18,78,81.4,3.4000000000000057
Enero,Jakarta,19,79.1,81.2,2.1000000000000085
Enero,Jakarta,20,79.8,83.3,3.5
Enero,Jakarta,21,82.5,80.7,-1.7999999999999972
Enero,Jakarta,22,82.1,79.2,-2.8999999999999915
Enero,Jakarta,24,80.4,81.3,0.8999999999999915
Enero,Jakarta,25,81.1,79.9,-1.1999999999999886
Enero,Jakarta,26,81.9,82.8,0.8999999999999915
Enero,Jakarta,27,81.3,80.8,-0.5
Enero,Jakarta,28,78.9,81.9,3
Enero,Jakarta,29,79.9,82.2,2.299999999999997
Enero,Jakarta,30,81.2,82.3,1.0999999999999943
Enero,Jakarta,31,82.7,81,-1.7000000000000028
Febrero,Jakarta,1,81.5,81.3,-0.20000000000000284
Febrero,Jakarta,2,83.4,83.3,-0.10000000000000853
Febrero,Jakarta,3,81.3,82.5,1.2000000000000028
Febrero,Jakarta,4,81.5,83.8,2.299999999999997
Febrero,Jakarta,5,77.9,84.1,6.199999999999989
Febrero,Jakarta,6,79,82.5,3.5
Febrero,Jakarta,7,79.8,84.2,4.400000000000006
Febrero,Jakarta,8,80.1,83.6,3.5
Febrero,Jakarta,9,80.3,84.4,4.1000000000000085
Febrero,Jakarta,10,82.2,82.1,-0.10000000000000853
Febrero,Jakarta,11,81.3,82,0.7000000000000028
Febrero,Jakarta,12,81.6,81.1,-0.5
Febrero,Jakarta,13,81.6,82.8,1.2000000000000028
Febrero,Jakarta,14,81.3,84.5,3.200000000000003
Febrero,Jakarta,15,77,82.6,5.599999999999994
Febrero,Jakarta,16,81.9,82.2,0.29999999999999716
Febrero,Jakarta,17,81.5,83.1,1.5999999999999943
Febrero,Jakarta,18,82.2,84.5,2.299999999999997
Febrero,Jakarta,19,81.5,83.7,2.200000000000003
Febrero,Jakarta,20,82.6,82.3,-0.29999999999999716
Febrero,Jakarta,21,82.4,81.5,-0.9000000000000057
Febrero,Jakarta,22,81.6,81.2,-0.3999999999999915
Febrero,Jakarta,23,82.5,82.6,0.09999999999999432
Febrero,Jakarta,24,82.4,83.4,1
Febrero,Jakarta,25,82.2,83.8,1.5999999999999943
Febrero,Jakarta,26,80.6,86.4,5.800000000000011
Febrero,Jakarta,27,82.1,85.5,3.4000000000000057
Febrero,Jakarta,28,81.7,84.7,3
Marzo,Jakarta,1,80.9,81,0.09999999999999432
Marzo,Jakarta,2,83.9,84,0.09999999999999432
Marzo,Jakarta,3,83.2,79.2,-4
Marzo,Jakarta,4,83.4,83.4,0
Marzo,Jakarta,5,82.8,81.8,-1
Marzo,Jakarta,6,81.6,77.9,-3.6999999999999886
Marzo,Jakarta,7,82.5,81.5,-1
Marzo,Jakarta,8,81.7,84.2,2.5
Marzo,Jakarta,9,82.6,82.7,0.10000000000000853
Marzo,Jakarta,10,83.2,82.8,-0.4000000000000057
Marzo,Jakarta,11,81.5,82.6,1.0999999999999943
Marzo,Jakarta,12,81.9,80.4,-1.5
Marzo,Jakarta,13,82.1,82.9,0.8000000000000114
Marzo,Jakarta,14,82.5,83.9,1.4000000000000057
Marzo,Jakarta,15,84.6,83.8,-0.7999999999999972
Marzo,Jakarta,16,84.7,83.3,-1.4000000000000057
Marzo,Jakarta,17,78.6,81.6,3
Marzo,Jakarta,18,82.5,83.1,0.5999999999999943
Marzo,Jakarta,19,82,82,0
Marzo,Jakarta,20,83,83.7,0.7000000000000028
Marzo,Jakarta,21,81.1,83.8,2.700000000000003
Marzo,Jakarta,22,80.1,84.7,4.6000000000000085
Marzo,Jakarta,23,82.8,84.8,2
Marzo,Jakarta,24,81.3,84.8,3.5
Marzo,Jakarta,25,80,82.3,2.299999999999997
Marzo,Jakarta,26,83.3,83.5,0.20000000000000284
Marzo,Jakarta,27,79.8,83,3.200000000000003
Marzo,Jakarta,28,83.1,84.2,1.1000000000000085
Marzo,Jakarta,29,83.3,84.1,0.7999999999999972
Marzo,Jakarta,30,84.4,84.4,0
Marzo,Jakarta,31,84.7,83.5,-1.2000000000000028
Abril,Jakarta,1,85.8,81.5,-4.299999999999997
Abril,Jakarta,2,82.6,81.5,-1.0999999999999943
Abril,Jakarta,3,82.4,83.4,1
Abril,Jakarta,4,83.8,84.4,0.6000000000000085
Abril,Jakarta,5,84.6,83.7,-0.8999999999999915
Abril,Jakarta,6,84.6,82.5,-2.0999999999999943
Abril,Jakarta,7,84.4,83.1,-1.3000000000000114
Abril,Jakarta,8,82.4,83.6,1.1999999999999886
Abril,Jakarta,9,83.4,84.6,1.1999999999999886
Abril,Jakarta,10,85.9,84.8,-1.1000000000000085
Abril,Jakarta,11,86,87.1,1.0999999999999943
Abril,Jakarta,12,85.4,85.5,0.09999999999999432
Abril,Jakarta,13,86.4,85,-1.4000000000000057
Abril,Jakarta,14,84,85.6,1.5999999999999943
Abril,Jakarta,15,84.7,83.6,-1.1000000000000085
Abril,Jakarta,16,86.1,83.3,-2.799999999999997
Abril,Jakarta,17,83.3,85.9,2.6000000000000085
Abril,Jakarta,18,84.9,86.6,1.6999999999999886
Abril,Jakarta,19,84.3,81.6,-2.700000000000003
Abril,Jakarta,20,84.6,82.4,-2.1999999999999886
Abril,Jakarta,21,84.6,85,0.4000000000000057
Abril,Jakarta,22,84.4,86.9,2.5
Abril,Jakarta,23,79.6,87,7.400000000000006
Abril,Jakarta,25,78.2,85.2,7
Abril,Jakarta,26,80.7,83.4,2.700000000000003
Abril,Jakarta,27,83,82.5,-0.5
Abril,Jakarta,28,85.5,83.5,-2
Abril,Jakarta,29,84.3,83.8,-0.5
Abril,Jakarta,30,84.7,82.5,-2.200000000000003
Mayo,Jakarta,1,84.7,83.2,-1.5
Mayo,Jakarta,2,84.8,86.2,1.4000000000000057
Mayo,Jakarta,3,82.6,84.9,2.3000000000000114
Mayo,Jakarta,4,85.2,85.1,-0.10000000000000853
Mayo,Jakarta,5,85.9,83.7,-2.200000000000003
Mayo,Jakarta,6,86.3,83.9,-2.3999999999999915
Mayo,Jakarta,7,86.3,85.3,-1
Mayo,Jakarta,8,86.2,84.4,-1.7999999999999972
Mayo,Jakarta,9,86.6,83.7,-2.8999999999999915
Mayo,Jakarta,10,86.2,84.1,-2.1000000000000085
Mayo,Jakarta,11,85.6,85.3,-0.29999999999999716
Mayo,Jakarta,12,84.6,85.8,1.2000000000000028
Mayo,Jakarta,13,86.5,86.5,0
Mayo,Jakarta,14,87.7,86.9,-0.7999999999999972
Mayo,Jakarta,15,85.6,86.1,0.5
Mayo,Jakarta,20,84.3,86.9,2.6000000000000085
Mayo,Jakarta,21,84.9,86.2,1.2999999999999972
Mayo,Jakarta,22,86.6,86.2,-0.3999999999999915
Mayo,Jakarta,23,83.6,87.6,4
Mayo,Jakarta,24,85.1,86.6,1.5
Mayo,Jakarta,25,83,86.2,3.200000000000003
Mayo,Jakarta,26,83.7,85,1.2999999999999972
Mayo,Jakarta,27,85.4,86.9,1.5
Mayo,Jakarta,28,85.8,86.9,1.1000000000000085
Mayo,Jakarta,29,85.6,86.8,1.2000000000000028
Mayo,Jakarta,30,85.8,85.4,-0.3999999999999915
Mayo,Jakarta,31,84.1,87.2,3.1000000000000085
Junio,Jakarta,1,84.7,85.4,0.7000000000000028
Junio,Jakarta,2,85.3,84.8,-0.5
Junio,Jakarta,3,85.8,83.6,-2.200000000000003
Junio,Jakarta,4,85,85.5,0.5
Junio,Jakarta,5,85.3,86.1,0.7999999999999972
Junio,Jakarta,6,85.4,86.5,1.0999999999999943
Junio,Jakarta,7,85.1,82.8,-2.299999999999997
Junio,Jakarta,8,85,84.3,-0.7000000000000028
Junio,Jakarta,9,86.1,84.8,-1.2999999999999972
Junio,Jakarta,10,85.9,84.4,-1.5
Junio,Jakarta,11,86.7,85.8,-0.9000000000000057
Junio,Jakarta,12,84,86.2,2.200000000000003
Junio,Jakarta,13,85.7,85.9,0.20000000000000284
Junio,Jakarta,14,86.1,83.9,-2.1999999999999886
Junio,Jakarta,15,84.9,85.6,0.6999999999999886
Junio,Jakarta,16,84.9,85.6,0.6999999999999886
Junio,Jakarta,17,85.5,85.4,-0.09999999999999432
Junio,Jakarta,18,85.4,84.7,-0.7000000000000028
Junio,Jakarta,19,85.4,84.7,-0.7000000000000028
Junio,Jakarta,20,86.5,85.5,-1
Junio,Jakarta,21,85,83.8,-1.2000000000000028
Junio,Jakarta,22,85.2,84.1,-1.1000000000000085
Junio,Jakarta,23,85.9,84.6,-1.3000000000000114
Junio,Jakarta,24,81.9,84.2,2.299999999999997
Junio,Jakarta,25,76.7,84.7,8
Junio,Jakarta,26,79.5,84.8,5.299999999999997
Junio,Jakarta,27,82.9,84.3,1.3999999999999915
Junio,Jakarta,28,82,84.6,2.5999999999999943
Junio,Jakarta,29,82.8,84.5,1.7000000000000028
Junio,Jakarta,30,83.4,84.2,0.7999999999999972
Julio,Jakarta,1,82.9,84.1,1.1999999999999886
Julio,Jakarta,2,83.5,84.4,0.9000000000000057
Julio,Jakarta,3,83.3,84.2,0.9000000000000057
Julio,Jakarta,4,83.9,84.1,0.19999999999998863
Julio,Jakarta,5,83.3,85.6,2.299999999999997
Julio,Jakarta,6,82.2,85.3,3.0999999999999943
Julio,Jakarta,7,82.9,84.6,1.6999999999999886
Julio,Jakarta,8,84.7,85.1,0.3999999999999915
Julio,Jakarta,9,84.3,83.9,-0.3999999999999915
Julio,Jakarta,10,84.3,82.6,-1.7000000000000028
Julio,Jakarta,11,83.5,83.7,0.20000000000000284
Julio,Jakarta,12,83.3,84.6,1.2999999999999972
Julio,Jakarta,13,83.1,83.4,0.30000000000001137
Julio,Jakarta,14,83.3,81.8,-1.5
Julio,Jakarta,15,83,82.8,-0.20000000000000284
Julio,Jakarta,16,83.1,82.7,-0.3999999999999915
Julio,Jakarta,17,83.2,82.4,-0.7999999999999972
Julio,Jakarta,18,83.6,84,0.4000000000000057
Julio,Jakarta,19,83.1,86.3,3.200000000000003
Julio,Jakarta,20,84.7,85.2,0.5
Julio,Jakarta,21,84.9,85.1,0.19999999999998863
Julio,Jakarta,22,84.7,84,-0.7000000000000028
Julio,Jakarta,23,84.2,83.8,-0.4000000000000057
Julio,Jakarta,24,83.9,84.3,0.3999999999999915
Julio,Jakarta,25,83.6,83.3,-0.29999999999999716
Julio,Jakarta,26,83.3,83.5,0.20000000000000284
Julio,Jakarta,27,83.3,83.1,-0.20000000000000284
Julio,Jakarta,28,83.1,83.9,0.8000000000000114
Julio,Jakarta,29,81.4,83.4,2
Julio,Jakarta,30,82.5,83.7,1.2000000000000028
Julio,Jakarta,31,83.7,83.8,0.09999999999999432
Agosto,Jakarta,1,82.9,83.6,0.6999999999999886
Agosto,Jakarta,2,82.6,83.5,0.9000000000000057
Agosto,Jakarta,3,82.2,83.8,1.5999999999999943
Agosto,Jakarta,4,81.7,83.1,1.3999999999999915
Agosto,Jakarta,5,82,82.4,0.4000000000000057
Agosto,Jakarta,6,82.5,81.2,-1.2999999999999972
Agosto,Jakarta,7,82.6,82.5,-0.09999999999999432
Agosto,Jakarta,8,81,82.5,1.5
Agosto,Jakarta,9,83.6,82.5,-1.0999999999999943
Agosto,Jakarta,10,81.9,83,1.0999999999999943
Agosto,Jakarta,11,83,83.8,0.7999999999999972
Agosto,Jakarta,12,83.6,84,0.4000000000000057
Agosto,Jakarta,13,85.1,84.3,-0.7999999999999972
Agosto,Jakarta,14,84.7,84.1,-0.6000000000000085
Agosto,Jakarta,15,84.2,83.9,-0.29999999999999716
Agosto,Jakarta,16,83.2,83.8,0.5999999999999943
Agosto,Jakarta,17,82.6,83.6,1
Agosto,Jakarta,18,81.2,83.1,1.8999999999999915
Agosto,Jakarta,19,83.2,82.4,-0.7999999999999972
Agosto,Jakarta,20,84.9,82.6,-2.3000000000000114
Agosto,Jakarta,21,84.1,84.6,0.5
Agosto,Jakarta,22,84,83.3,-0.7000000000000028
Agosto,Jakarta,23,83.3,83.2,-0.09999999999999432
Agosto,Jakarta,24,84,83.5,-0.5
Agosto,Jakarta,25,84.1,83.2,-0.8999999999999915
Agosto,Jakarta,26,84,83.7,-0.29999999999999716
Agosto,Jakarta,27,85.3,84,-1.2999999999999972
Agosto,Jakarta,28,84.4,82.8,-1.6000000000000085
Agosto,Jakarta,29,83.4,83.5,0.09999999999999432
Agosto,Jakarta,30,84.5,85.7,1.2000000000000028
Agosto,Jakarta,31,84.3,83.2,-1.0999999999999943
Septiembre,Jakarta,1,82.7,83.6,0.8999999999999915
Septiembre,Jakarta,2,81,83.7,2.700000000000003
Septiembre,Jakarta,3,82.8,83.5,0.7000000000000028
Septiembre,Jakarta,4,82.6,83.6,1
Septiembre,Jakarta,5,83.9,83.4,-0.5
Septiembre,Jakarta,6,85.4,82.9,-2.5
Septiembre,Jakarta,7,85.3,83.9,-1.3999999999999915
Septiembre,Jakarta,8,84.6,84.5,-0.09999999999999432
Septiembre,Jakarta,9,85.5,84.2,-1.2999999999999972
Septiembre,Jakarta,10,86.2,85,-1.2000000000000028
Septiembre,Jakarta,11,85.6,84.5,-1.0999999999999943
Septiembre,Jakarta,12,84.4,82.9,-1.5
Septiembre,Jakarta,13,83.3,83.3,0
Septiembre,Jakarta,14,84.3,81.9,-2.3999999999999915
Septiembre,Jakarta,15,84.7,83.2,-1.5
Septiembre,Jakarta,16,85.4,83.3,-2.1000000000000085
Septiembre,Jakarta,18,85.3,82.9,-2.3999999999999915
Septiembre,Jakarta,19,83.9,85,1.0999999999999943
Septiembre,Jakarta,20,84.7,84.6,-0.10000000000000853
Septiembre,Jakarta,21,80.5,84,3.5
Septiembre,Jakarta,22,84,84.2,0.20000000000000284
Septiembre,Jakarta,23,83.6,84.6,1
Septiembre,Jakarta,25,84.7,84.7,0
Septiembre,Jakarta,26,84.3,86.5,2.200000000000003
Septiembre,Jakarta,27,83.7,86.1,2.3999999999999915
Septiembre,Jakarta,28,84.7,85.1,0.3999999999999915
Septiembre,Jakarta,29,84.7,84.9,0.20000000000000284
Septiembre,Jakarta,30,85.2,85.4,0.20000000000000284
Octubre,Jakarta,1,84.9,84.3,-0.6000000000000085
Octubre,Jakarta,2,84.2,85.9,1.7000000000000028
Octubre,Jakarta,3,85.6,84.9,-0.6999999999999886
Octubre,Jakarta,4,85.7,82.3,-3.4000000000000057
Octubre,Jakarta,5,86.4,86.3,-0.10000000000000853
Octubre,Jakarta,6,85.7,84.8,-0.9000000000000057
Octubre,Jakarta,7,86.5,85.7,-0.7999999999999972
Octubre,Jakarta,8,86.2,84,-2.200000000000003
Octubre,Jakarta,9,87.5,85.4,-2.0999999999999943
Octubre,Jakarta,10,86,84.3,-1.7000000000000028
Octubre,Jakarta,11,86.3,84.2,-2.0999999999999943
Octubre,Jakarta,12,85.7,84.3,-1.4000000000000057
Octubre,Jakarta,13,85.1,84.9,-0.19999999999998863
Octubre,Jakarta,14,86.1,85.5,-0.5999999999999943
Octubre,Jakarta,15,85.7,84.5,-1.2000000000000028
Octubre,Jakarta,16,85.2,84.9,-0.29999999999999716
Octubre,Jakarta,17,85.4,85.7,0.29999999999999716
Octubre,Jakarta,18,83.7,85.2,1.5
Octubre,Jakarta,19,85.6,86.1,0.5
Octubre,Jakarta,20,85.2,85.4,0.20000000000000284
Octubre,Jakarta,21,84.7,86.7,2
Octubre,Jakarta,22,87.8,87.3,-0.5
Octubre,Jakarta,23,80.4,86.6,6.199999999999989
Octubre,Jakarta,24,86.2,86.3,0.09999999999999432
Octubre,Jakarta,25,85.9,86,0.09999999999999432
Octubre,Jakarta,26,85.9,85.5,-0.4000000000000057
Octubre,Jakarta,27,83.9,84.4,0.5
Octubre,Jakarta,28,83.3,84.7,1.4000000000000057
Octubre,Jakarta,29,84.2,84.8,0.5999999999999943
Octubre,Jakarta,30,84,85.5,1.5
Octubre,Jakarta,31,85.5,85.6,0.09999999999999432
Noviembre,Jakarta,1,83.4,83.5,0.09999999999999432
Noviembre,Jakarta,2,84.7,83.6,-1.1000000000000085
Noviembre,Jakarta,3,83.6,84.3,0.7000000000000028
Noviembre,Jakarta,4,84.1,85.4,1.3000000000000114
Noviembre,Jakarta,5,85.1,83.6,-1.5
Noviembre,Jakarta,6,84.5,84.7,0.20000000000000284
Noviembre,Jakarta,7,83.9,85,1.0999999999999943
Noviembre,Jakarta,8,83.3,84.8,1.5
Noviembre,Jakarta,9,81.9,86.9,5
Noviembre,Jakarta,10,83.7,86,2.299999999999997
Noviembre,Jakarta,11,82.9,85.3,2.3999999999999915
Noviembre,Jakarta,12,84.1,86,1.9000000000000057
Noviembre,Jakarta,13,84.4,86.1,1.6999999999999886
Noviembre,Jakarta,16,88.5,87.3,-1.2000000000000028
Noviembre,Jakarta,18,86.1,86,-0.09999999999999432
Noviembre,Jakarta,19,85,84.7,-0.29999999999999716
Noviembre,Jakarta,20,85,85.3,0.29999999999999716
Noviembre,Jakarta,21,84.5,84.5,0
Noviembre,Jakarta,22,82.8,85.5,2.700000000000003
Noviembre,Jakarta,23,82.5,85,2.5
Noviembre,Jakarta,24,82.8,86.5,3.700000000000003
Noviembre,Jakarta,25,83.1,85.4,2.3000000000000114
Noviembre,Jakarta,26,80,85.6,5.599999999999994
Noviembre,Jakarta,27,82.3,85.5,3.200000000000003
Noviembre,Jakarta,28,84.8,86.1,1.2999999999999972
Noviembre,Jakarta,29,82.1,84.3,2.200000000000003
Noviembre,Jakarta,30,82.7,83.6,0.8999999999999915
Diciembre,Jakarta,1,83.7,85.7,2
Diciembre,Jakarta,2,84.7,86.7,2
Diciembre,Jakarta,3,81.1,86,4.900000000000006
Diciembre,Jakarta,4,81.3,83.9,2.6000000000000085
Diciembre,Jakarta,5,83.5,84.3,0.7999999999999972
Diciembre,Jakarta,6,82.1,83.4,1.3000000000000114
Diciembre,Jakarta,7,82.8,82,-0.7999999999999972
Diciembre,Jakarta,8,84.8,84.2,-0.5999999999999943
Diciembre,Jakarta,9,84.3,85.3,1
Diciembre,Jakarta,10,83.9,83,-0.9000000000000057
Diciembre,Jakarta,11,84.6,83.3,-1.2999999999999972
Diciembre,Jakarta,12,81.9,80.6,-1.3000000000000114
Diciembre,Jakarta,13,83.8,83.4,-0.3999999999999915
Diciembre,Jakarta,14,84.4,84.3,-0.10000000000000853
Diciembre,Jakarta,15,83.6,84.9,1.3000000000000114
Diciembre,Jakarta,16,84.7,83.3,-1.4000000000000057
Diciembre,Jakarta,17,86.5,80.2,-6.299999999999997
Diciembre,Jakarta,18,84.6,84.2,-0.3999999999999915
Diciembre,Jakarta,19,83.5,84.5,1
Diciembre,Jakarta,20,85.6,85.2,-0.3999999999999915
Diciembre,Jakarta,21,84.8,83,-1.7999999999999972
Diciembre,Jakarta,22,82.9,81.7,-1.2000000000000028
Diciembre,Jakarta,23,81.1,82.3,1.2000000000000028
Diciembre,Jakarta,24,83.4,84.5,1.0999999999999943
Diciembre,Jakarta,25,81.5,79.3,-2.200000000000003
Diciembre,Jakarta,26,80.9,82.3,1.3999999999999915
Diciembre,Jakarta,27,84.4,80.6,-3.8000000000000114
Diciembre,Jakarta,28,84.9,82,-2.9000000000000057
Diciembre,Jakarta,29,84.9,81.4,-3.5
Diciembre,Jakarta,30,86.3,84.6,-1.7000000000000028
Diciembre,Jakarta,31,80.6,81.4,0.8000000000000114
Enero,Nairobi,1,71.5,67.6,-3.9000000000000057
Enero,Nairobi,2,68.3,69.6,1.2999999999999972
Enero,Nairobi,3,68.9,69.8,0.8999999999999915
Enero,Nairobi,5,69.5,68.2,-1.2999999999999972
Enero,Nairobi,6,69.7,68.8,-0.9000000000000057
Enero,Nairobi,7,69.2,70.3,1.0999999999999943
Enero,Nairobi,8,69.9,67.4,-2.5
Enero,Nairobi,9,70.1,70.5,0.4000000000000057
Enero,Nairobi,10,67.8,70.1,2.299999999999997
Enero,Nairobi,11,68.2,71.1,2.8999999999999915
Enero,Nairobi,12,67.8,69.5,1.7000000000000028
Enero,Nairobi,13,68.1,69.3,1.2000000000000028
Enero,Nairobi,14,68.6,70.8,2.200000000000003
Enero,Nairobi,15,70,71.2,1.2000000000000028
Enero,Nairobi,16,70.5,70.5,0
Enero,Nairobi,17,70.3,72.3,2
Enero,Nairobi,18,71.3,72,0.7000000000000028
Enero,Nairobi,19,72.2,71.8,-0.4000000000000057
Enero,Nairobi,20,70,72.8,2.799999999999997
Enero,Nairobi,21,70.6,71.7,1.1000000000000085
Enero,Nairobi,22,70,71,1
Enero,Nairobi,24,70.7,72.2,1.5
Enero,Nairobi,25,69.3,73.4,4.1000000000000085
Enero,Nairobi,26,70.1,71.1,1
Enero,Nairobi,27,71.1,71.2,0.10000000000000853
Enero,Nairobi,28,71.4,70.3,-1.1000000000000085
Enero,Nairobi,29,72.7,69.6,-3.1000000000000085
Enero,Nairobi,30,72.5,72.2,-0.29999999999999716
Enero,Nairobi,31,71.6,72.8,1.2000000000000028
Febrero,Nairobi,1,70.5,73.3,2.799999999999997
Febrero,Nairobi,2,69.9,75.8,5.8999999999999915
Febrero,Nairobi,3,70.4,72.3,1.8999999999999915
Febrero,Nairobi,4,70.9,72.4,1.5
Febrero,Nairobi,5,71.4,70.2,-1.2000000000000028
Febrero,Nairobi,6,71.5,61.5,-10
Febrero,Nairobi,7,74.8,71.9,-2.8999999999999915
Febrero,Nairobi,8,69.1,71.2,2.1000000000000085
Febrero,Nairobi,9,69.5,71,1.5
Febrero,Nairobi,10,70.6,69.6,-1
Febrero,Nairobi,11,69.6,66.5,-3.0999999999999943
Febrero,Nairobi,12,69.5,73.7,4.200000000000003
Febrero,Nairobi,13,69.3,70.2,0.9000000000000057
Febrero,Nairobi,14,70.3,69.3,-1
Febrero,Nairobi,15,68.7,73.4,4.700000000000003
Febrero,Nairobi,16,70,67.7,-2.299999999999997
Febrero,Nairobi,18,71.1,67.4,-3.6999999999999886
Febrero,Nairobi,19,73.6,77.7,4.1000000000000085
Febrero,Nairobi,20,72.3,65.6,-6.700000000000003
Febrero,Nairobi,22,73.3,75,1.7000000000000028
Febrero,Nairobi,23,74.3,70.2,-4.099999999999994
Febrero,Nairobi,24,74.3,75.4,1.1000000000000085
Febrero,Nairobi,25,75.7,72.5,-3.200000000000003
Febrero,Nairobi,26,76.2,73.5,-2.700000000000003
Febrero,Nairobi,27,75.4,71.6,-3.8000000000000114
Febrero,Nairobi,28,74.5,74.5,0
Marzo,Nairobi,1,68.3,75.3,7
Marzo,Nairobi,2,64.9,76,11.099999999999994
Marzo,Nairobi,3,66.5,75,8.5
Marzo,Nairobi,4,64.2,72.5,8.299999999999997
Marzo,Nairobi,5,66.6,75.8,9.200000000000003
Marzo,Nairobi,6,67.2,76.7,9.5
Marzo,Nairobi,7,70.1,75.1,5
Marzo,Nairobi,8,73.7,74.9,1.2000000000000028
Marzo,Nairobi,9,70.4,73.1,2.6999999999999886
Marzo,Nairobi,10,67.2,72.9,5.700000000000003
Marzo,Nairobi,11,67.2,73,5.799999999999997
Marzo,Nairobi,12,65.9,75.5,9.599999999999994
Marzo,Nairobi,13,65.7,71.6,5.8999999999999915
Marzo,Nairobi,14,69.2,71.2,2
Marzo,Nairobi,15,64.1,71.8,7.700000000000003
Marzo,Nairobi,16,64.9,74.5,9.599999999999994
Marzo,Nairobi,17,66,74.6,8.599999999999994
Marzo,Nairobi,18,67.7,74.1,6.3999999999999915
Marzo,Nairobi,19,64.2,74.1,9.899999999999991
Marzo,Nairobi,20,66.8,74.6,7.799999999999997
Marzo,Nairobi,21,66.6,75.1,8.5
Marzo,Nairobi,22,67,75.4,8.400000000000006
Marzo,Nairobi,23,68.7,75.2,6.5
Marzo,Nairobi,24,69.6,74.4,4.800000000000011
Marzo,Nairobi,25,68.6,76.6,8
Marzo,Nairobi,26,68.1,76.8,8.700000000000003
Marzo,Nairobi,27,66.4,73.6,7.199999999999989
Marzo,Nairobi,28,67.5,63.9,-3.6000000000000014
Marzo,Nairobi,29,67.2,76.6,9.399999999999991
Marzo,Nairobi,30,67.5,74,6.5
Marzo,Nairobi,31,67.8,74.4,6.6000000000000085
Abril,Nairobi,1,68.9,73.3,4.3999999999999915
Abril,Nairobi,2,68.4,74.3,5.8999999999999915
Abril,Nairobi,3,65.3,73.7,8.400000000000006
Abril,Nairobi,4,66.5,71.9,5.400000000000006
Abril,Nairobi,5,66.9,71.5,4.599999999999994
Abril,Nairobi,6,67.8,72.5,4.700000000000003
Abril,Nairobi,7,68.2,73,4.799999999999997
Abril,Nairobi,8,67.4,75.6,8.199999999999989
Abril,Nairobi,9,67.9,73.1,5.199999999999989
Abril,Nairobi,10,70,74.2,4.200000000000003
Abril,Nairobi,11,65.2,72.5,7.299999999999997
Abril,Nairobi,12,69.3,70.5,1.2000000000000028
Abril,Nairobi,13,68.1,73.9,5.800000000000011
Abril,Nairobi,14,67,73.5,6.5
Abril,Nairobi,15,66.4,73,6.599999999999994
Abril,Nairobi,16,68.2,73.8,5.599999999999994
Abril,Nairobi,17,66.7,64.4,-2.299999999999997
Abril,Nairobi,18,67,76.6,9.599999999999994
Abril,Nairobi,19,66.4,73.4,7
Abril,Nairobi,20,67.3,74,6.700000000000003
Abril,Nairobi,21,68.3,73.4,5.1000000000000085
Abril,Nairobi,22,68.3,64.5,-3.799999999999997
Abril,Nairobi,23,67.3,72.2,4.900000000000006
Abril,Nairobi,25,65.2,69.5,4.299999999999997
Abril,Nairobi,26,66.9,69.5,2.5999999999999943
Abril,Nairobi,27,66.4,68.9,2.5
Abril,Nairobi,28,66.1,71.4,5.300000000000011
Abril,Nairobi,29,66.1,70.4,4.300000000000011
Abril,Nairobi,30,66.8,68.6,1.7999999999999972
Mayo,Nairobi,1,65,70.1,5.099999999999994
Mayo,Nairobi,2,64.9,71.4,6.5
Mayo,Nairobi,3,65.5,70,4.5
Mayo,Nairobi,4,67.3,69,1.7000000000000028
Mayo,Nairobi,5,66.8,69.4,2.6000000000000085
Mayo,Nairobi,6,67.2,67.9,0.7000000000000028
Mayo,Nairobi,7,64.4,69.5,5.099999999999994
Mayo,Nairobi,8,65.7,68.2,2.5
Mayo,Nairobi,9,65.6,68.5,2.9000000000000057
Mayo,Nairobi,10,65.1,68.8,3.700000000000003
Mayo,Nairobi,11,65.2,68.1,2.8999999999999915
Mayo,Nairobi,12,68.5,68.2,-0.29999999999999716
Mayo,Nairobi,13,69.1,68.4,-0.6999999999999886
Mayo,Nairobi,14,68.7,69.5,0.7999999999999972
Mayo,Nairobi,15,67,70.2,3.200000000000003
Mayo,Nairobi,20,64.3,65.8,1.5
Mayo,Nairobi,21,64.8,67.6,2.799999999999997
Mayo,Nairobi,22,64.5,67.3,2.799999999999997
Mayo,Nairobi,23,64.6,66.5,1.9000000000000057
Mayo,Nairobi,24,63.9,66,2.1000000000000014
Mayo,Nairobi,25,66.2,65.2,-1
Mayo,Nairobi,26,64.3,64.9,0.6000000000000085
Mayo,Nairobi,27,65.3,65.7,0.4000000000000057
Mayo,Nairobi,28,66.1,66.6,0.5
Mayo,Nairobi,29,65.1,65.3,0.20000000000000284
Mayo,Nairobi,30,66.6,68.7,2.1000000000000085
Mayo,Nairobi,31,65.9,67.8,1.8999999999999915
Junio,Nairobi,1,67.3,68.6,1.2999999999999972
Junio,Nairobi,2,67,65.7,-1.2999999999999972
Junio,Nairobi,3,66.1,66.4,0.30000000000001137
Junio,Nairobi,4,66.2,66,-0.20000000000000284
Junio,Nairobi,5,65.6,62.5,-3.0999999999999943
Junio,Nairobi,6,64.9,64.3,-0.6000000000000085
Junio,Nairobi,7,60.5,65.3,4.799999999999997
Junio,Nairobi,8,63.2,65.1,1.8999999999999915
Junio,Nairobi,9,62.5,62.4,-0.10000000000000142
Junio,Nairobi,10,63.2,61.7,-1.5
Junio,Nairobi,11,63.3,65.7,2.4000000000000057
Junio,Nairobi,12,62.6,64.2,1.6000000000000014
Junio,Nairobi,13,65,68.6,3.5999999999999943
Junio,Nairobi,14,63.3,65.9,2.6000000000000085
Junio,Nairobi,15,63.1,63.5,0.3999999999999986
Junio,Nairobi,16,64.3,68.9,4.6000000000000085
Junio,Nairobi,17,61.1,66.4,5.300000000000004
Junio,Nairobi,18,58.4,63.7,5.300000000000004
Junio,Nairobi,19,61.3,67.5,6.200000000000003
Junio,Nairobi,20,64.5,65.9,1.4000000000000057
Junio,Nairobi,21,64.1,62.7,-1.3999999999999915
Junio,Nairobi,22,61.1,66.1,4.999999999999993
Junio,Nairobi,25,58.2,63.8,5.599999999999994
Junio,Nairobi,28,67.1,64.2,-2.8999999999999915
Junio,Nairobi,29,63.6,66.5,2.8999999999999986
Junio,Nairobi,30,59.3,65.8,6.5
Julio,Nairobi,1,69,67.5,-1.5
Julio,Nairobi,2,62,67.3,5.299999999999997
Julio,Nairobi,3,62.6,65.3,2.6999999999999957
Julio,Nairobi,4,60.2,66.7,6.5
Julio,Nairobi,5,64,66.4,2.4000000000000057
Julio,Nairobi,6,63.4,65,1.6000000000000014
Julio,Nairobi,7,62.3,64.2,1.9000000000000057
Julio,Nairobi,8,63.4,66.1,2.6999999999999957
Julio,Nairobi,9,62.7,66.5,3.799999999999997
Julio,Nairobi,10,63.3,67.2,3.9000000000000057
Julio,Nairobi,11,61.9,66.3,4.399999999999999
Julio,Nairobi,12,63.4,66.8,3.3999999999999986
Julio,Nairobi,13,61.6,64,2.3999999999999986
Julio,Nairobi,14,62.6,65.5,2.8999999999999986
Julio,Nairobi,15,62.1,65.5,3.3999999999999986
Julio,Nairobi,16,63.7,63,-0.7000000000000028
Julio,Nairobi,17,57,63,6
Julio,Nairobi,18,63.9,64,0.10000000000000142
Julio,Nairobi,19,61.7,64,2.299999999999997
Julio,Nairobi,20,61.5,63.6,2.1000000000000014
Julio,Nairobi,21,59.8,67.1,7.299999999999997
Julio,Nairobi,22,62,64.7,2.700000000000003
Julio,Nairobi,23,60.9,65.8,4.899999999999999
Julio,Nairobi,24,60.5,66.4,5.900000000000006
Julio,Nairobi,25,58.7,66.2,7.5
Julio,Nairobi,26,63.1,65.6,2.499999999999993
Julio,Nairobi,27,61.9,64.1,2.1999999999999957
Julio,Nairobi,28,58.7,64.2,5.5
Julio,Nairobi,29,62.2,65,2.799999999999997
Julio,Nairobi,30,62.6,63.5,0.8999999999999986
Julio,Nairobi,31,64.7,65.8,1.0999999999999943
Agosto,Nairobi,1,65.7,66.9,1.2000000000000028
Agosto,Nairobi,2,60.2,64,3.799999999999997
Agosto,Nairobi,3,70.4,64.1,-6.300000000000011
Agosto,Nairobi,4,64.8,64.4,-0.3999999999999915
Agosto,Nairobi,5,62.5,66.4,3.9000000000000057
Agosto,Nairobi,6,64,68.3,4.299999999999997
Agosto,Nairobi,7,65.9,66.9,1
Agosto,Nairobi,8,61.7,66.8,5.099999999999994
Agosto,Nairobi,9,64.2,67.3,3.0999999999999943
Agosto,Nairobi,10,62.4,67.3,4.899999999999999
Agosto,Nairobi,11,63.1,63,-0.10000000000000142
Agosto,Nairobi,12,63.2,64.3,1.0999999999999943
Agosto,Nairobi,13,61,65.6,4.599999999999994
Agosto,Nairobi,14,63.6,64.2,0.6000000000000014
Agosto,Nairobi,15,62.7,62.7,0
Agosto,Nairobi,16,59.7,62.8,3.0999999999999943
Agosto,Nairobi,17,60.9,65.3,4.399999999999999
Agosto,Nairobi,18,61.7,67.6,5.8999999999999915
Agosto,Nairobi,19,62.3,62.2,-0.09999999999999432
Agosto,Nairobi,20,62.1,63.9,1.7999999999999972
Agosto,Nairobi,21,62.4,64.9,2.500000000000007
Agosto,Nairobi,22,65.4,66.6,1.1999999999999886
Agosto,Nairobi,23,63.8,66.7,2.9000000000000057
Agosto,Nairobi,24,66.7,63.2,-3.5
Agosto,Nairobi,25,65.7,66.2,0.5
Agosto,Nairobi,26,65.2,65.9,0.7000000000000028
Agosto,Nairobi,27,64.3,67.1,2.799999999999997
Agosto,Nairobi,28,60.8,65.5,4.700000000000003
Agosto,Nairobi,29,61.6,65.2,3.6000000000000014
Agosto,Nairobi,30,65.7,65.6,-0.10000000000000853
Agosto,Nairobi,31,63.3,65.7,2.4000000000000057
Septiembre,Nairobi,1,61.2,66.6,5.3999999999999915
Septiembre,Nairobi,2,62.3,65.1,2.799999999999997
Septiembre,Nairobi,3,63.8,66.2,2.4000000000000057
Septiembre,Nairobi,4,63.1,64.8,1.6999999999999957
Septiembre,Nairobi,5,65,64.8,-0.20000000000000284
Septiembre,Nairobi,6,64.8,66.7,1.9000000000000057
Septiembre,Nairobi,7,65.1,63.7,-1.3999999999999915
Septiembre,Nairobi,8,68.6,62.3,-6.299999999999997
Septiembre,Nairobi,9,69.2,68.8,-0.4000000000000057
Septiembre,Nairobi,10,67.5,65.4,-2.0999999999999943
Septiembre,Nairobi,11,67.5,66.1,-1.4000000000000057
Septiembre,Nairobi,12,67.2,67.4,0.20000000000000284
Septiembre,Nairobi,13,67.1,57.6,-9.499999999999993
Septiembre,Nairobi,14,66.2,72,5.799999999999997
Septiembre,Nairobi,15,67.2,68.9,1.7000000000000028
Septiembre,Nairobi,16,73,68.2,-4.799999999999997
Septiembre,Nairobi,18,72,70.4,-1.5999999999999943
Septiembre,Nairobi,19,67,66.8,-0.20000000000000284
Septiembre,Nairobi,20,70.2,66.2,-4
Septiembre,Nairobi,21,68.3,67.2,-1.0999999999999943
Septiembre,Nairobi,22,67.3,56.6,-10.699999999999996
Septiembre,Nairobi,23,65.6,70.2,4.6000000000000085
Septiembre,Nairobi,24,63.4,66.9,3.500000000000007
Septiembre,Nairobi,25,66.1,68.6,2.5
Septiembre,Nairobi,26,67.4,66.4,-1
Septiembre,Nairobi,27,65.3,65.1,-0.20000000000000284
Septiembre,Nairobi,28,68.2,70.1,1.8999999999999915
Septiembre,Nairobi,29,67.5,70.1,2.5999999999999943
Septiembre,Nairobi,30,68.3,71.9,3.6000000000000085
Octubre,Nairobi,1,67.2,69.5,2.299999999999997
Octubre,Nairobi,2,65.7,67.1,1.3999999999999915
Octubre,Nairobi,3,68.4,68.9,0.5
Octubre,Nairobi,4,67.4,66.2,-1.2000000000000028
Octubre,Nairobi,5,69,67.1,-1.9000000000000057
Octubre,Nairobi,6,69.8,63.1,-6.699999999999996
Octubre,Nairobi,7,70.8,68.1,-2.700000000000003
Octubre,Nairobi,8,67.1,68.8,1.7000000000000028
Octubre,Nairobi,9,66.3,69.3,3
Octubre,Nairobi,10,63,66.3,3.299999999999997
Octubre,Nairobi,11,67.8,65.8,-2
Octubre,Nairobi,12,68.3,65.2,-3.0999999999999943
Octubre,Nairobi,13,69.7,64,-5.700000000000003
Octubre,Nairobi,14,70.2,65.8,-4.400000000000006
Octubre,Nairobi,15,68.8,67.6,-1.2000000000000028
Octubre,Nairobi,16,69.2,69.9,0.7000000000000028
Octubre,Nairobi,17,70,64.1,-5.900000000000006
Octubre,Nairobi,18,70.2,64.4,-5.799999999999997
Octubre,Nairobi,19,70.5,63.9,-6.600000000000001
Octubre,Nairobi,20,70.6,66.4,-4.199999999999989
Octubre,Nairobi,21,70.3,69.1,-1.2000000000000028
Octubre,Nairobi,22,67.9,68.7,0.7999999999999972
Octubre,Nairobi,23,61.2,67.6,6.3999999999999915
Octubre,Nairobi,24,61.2,66.8,5.599999999999994
Octubre,Nairobi,25,62.7,67.4,4.700000000000003
Octubre,Nairobi,26,64.5,64.9,0.4000000000000057
Octubre,Nairobi,27,64.6,68.9,4.300000000000011
Octubre,Nairobi,28,65.9,67.9,2
Octubre,Nairobi,29,68,66.5,-1.5
Octubre,Nairobi,30,67.8,67.9,0.10000000000000853
Octubre,Nairobi,31,68.7,67.5,-1.2000000000000028
Noviembre,Nairobi,1,68.9,67.7,-1.2000000000000028
Noviembre,Nairobi,2,68.7,66.7,-2
Noviembre,Nairobi,3,67.1,68.1,1
Noviembre,Nairobi,4,68.6,68.4,-0.19999999999998863
Noviembre,Nairobi,5,70,68.4,-1.5999999999999943
Noviembre,Nairobi,6,70.8,70.5,-0.29999999999999716
Noviembre,Nairobi,7,70.5,69.2,-1.2999999999999972
Noviembre,Nairobi,8,71.2,69.1,-2.1000000000000085
Noviembre,Nairobi,9,71.3,69,-2.299999999999997
Noviembre,Nairobi,10,69.6,69.5,-0.09999999999999432
Noviembre,Nairobi,11,67.7,68.7,1
Noviembre,Nairobi,12,69.3,66.7,-2.5999999999999943
Noviembre,Nairobi,13,69.5,66.2,-3.299999999999997
Noviembre,Nairobi,15,68.2,69.1,0.8999999999999915
Noviembre,Nairobi,16,70.6,68.8,-1.7999999999999972
Noviembre,Nairobi,18,69.5,68.9,-0.5999999999999943
Noviembre,Nairobi,19,68.9,69.1,0.19999999999998863
Noviembre,Nairobi,20,67.5,69.2,1.7000000000000028
Noviembre,Nairobi,21,67.5,69.3,1.7999999999999972
Noviembre,Nairobi,22,69.1,69.7,0.6000000000000085
Noviembre,Nairobi,23,69.6,64.5,-5.099999999999994
Noviembre,Nairobi,24,68.9,65.6,-3.3000000000000114
Noviembre,Nairobi,25,66.7,64.5,-2.200000000000003
Noviembre,Nairobi,26,67.6,64.4,-3.1999999999999886
Noviembre,Nairobi,27,68.3,67.6,-0.7000000000000028
Noviembre,Nairobi,28,68.4,67.9,-0.5
Noviembre,Nairobi,29,66.9,66.6,-0.30000000000001137
Noviembre,Nairobi,30,68.2,66.3,-1.9000000000000057
Diciembre,Nairobi,1,67.7,65,-2.700000000000003
Diciembre,Nairobi,2,66.3,66.3,0
Diciembre,Nairobi,3,68.6,65.9,-2.6999999999999886
Diciembre,Nairobi,4,66.3,67.1,0.7999999999999972
Diciembre,Nairobi,5,67.9,66.3,-1.6000000000000085
Diciembre,Nairobi,6,69,67.7,-1.2999999999999972
Diciembre,Nairobi,7,69.2,66.8,-2.4000000000000057
Diciembre,Nairobi,8,67,66.1,-0.9000000000000057
Diciembre,Nairobi,9,68.7,67.2,-1.5
Diciembre,Nairobi,10,66.4,65.6,-0.8000000000000114
Diciembre,Nairobi,11,65,66.6,1.5999999999999943
Diciembre,Nairobi,12,69.6,66.7,-2.8999999999999915
Diciembre,Nairobi,13,67.3,67.9,0.6000000000000085
Diciembre,Nairobi,14,66.6,67,0.4000000000000057
Diciembre,Nairobi,15,66.2,66.6,0.3999999999999915
Diciembre,Nairobi,16,68,67.7,-0.29999999999999716
Diciembre,Nairobi,17,68.5,68.4,-0.09999999999999432
Diciembre,Nairobi,18,69.4,68,-1.4000000000000057
Diciembre,Nairobi,19,67.3,67.2,-0.09999999999999432
Diciembre,Nairobi,20,67.7,67.4,-0.29999999999999716
Diciembre,Nairobi,21,67.8,67,-0.7999999999999972
Diciembre,Nairobi,22,70.4,66.6,-3.8000000000000114
Diciembre,Nairobi,23,69.6,67.5,-2.0999999999999943
Diciembre,Nairobi,24,68.4,68.5,0.09999999999999432
Diciembre,Nairobi,25,68.3,69.8,1.5
Diciembre,Nairobi,26,68.3,68.1,-0.20000000000000284
Diciembre,Nairobi,27,67.9,68.7,0.7999999999999972
Diciembre,Nairobi,28,70,68,-2
Diciembre,Nairobi,29,70.7,70.2,-0.5
Diciembre,Nairobi,30,70.1,68.5,-1.5999999999999943
Diciembre,Nairobi,31,68.2,67.3,-0.9000000000000057
